"","X","MUTIscore","SciName_MUTI","CommonName_MUTI","Species_eBird","Species_Jetz","Family_Jetz","Order_Jetz","CommonName_UAI","aveUAI.x","Order_eBird","Species_BirdLife","family","family.MUTI","Species_UN","Urban","Family_UN_only","Family_all","Family","BLFamilyEnglish.x","Coastal","Notes","Species","IOCOrder","BLFamilyLatin","BLFamilyEnglish.y","Scientific","English","CoastalSp","aveUAI.y"
"1",64,NA,NA,NA,"Geranoaetus albicaudatus","Buteo albicaudatus","Accipitridae","Accipitriformes","White-tailed Hawk",1.34629837,"Accipitriformes","Geranoaetus albicaudatus",NA,NA,"Buteo albicaudatus","N","","Accipitridae","Accipitridae","Osprey, kites, hawks and eagles","","INVESTIGATE","Buteo_albicaudatus","Accipitriformes","Accipitridae","Osprey, kites, hawks and eagles","Buteo albicaudatus","White-tailed Hawk","",1.34629837
"2",151,2.61478251,"Accipiter cooperii","Cooper's Hawk","Accipiter cooperii","Accipiter cooperii","Accipitridae","Accipitriformes","Cooper's Hawk",2.222871741,"Accipitriformes","Accipiter cooperii","Accipitridae","Accipitridae","Accipiter cooperii","U","","Accipitridae","Accipitridae","Osprey, kites, hawks and eagles","","INVESTIGATE","Accipiter_cooperii","Accipitriformes","Accipitridae","Osprey, kites, hawks and eagles","Accipiter cooperii","Cooper's Hawk","",2.222871741
"3",152,1.37136443,"Buteo lineatus","Red-shouldered Hawk","Buteo lineatus","Buteo lineatus","Accipitridae","Accipitriformes","Red-shouldered Hawk",1.670350483,"Accipitriformes","Buteo lineatus","Accipitridae","Accipitridae","Buteo lineatus","U","","Accipitridae","Accipitridae","Osprey, kites, hawks and eagles","","INVESTIGATE","Buteo_lineatus","Accipitriformes","Accipitridae","Osprey, kites, hawks and eagles","Buteo lineatus","Red-shouldered Hawk","",1.670350483
"4",153,-0.733911548,"Buteo platypterus","Broad-winged Hawk","Buteo platypterus","Buteo platypterus","Accipitridae","Accipitriformes","Broad-winged Hawk",1.543754105,"Accipitriformes","Buteo platypterus","Accipitridae","Accipitridae","Buteo platypterus","N","","Accipitridae","Accipitridae","Osprey, kites, hawks and eagles","","INVESTIGATE","Buteo_platypterus","Accipitriformes","Accipitridae","Osprey, kites, hawks and eagles","Buteo platypterus","Broad-winged Hawk","",1.543754105
"5",154,0.122082355,"Buteo swainsoni","Swainson's Hawk","Buteo swainsoni","Buteo swainsoni","Accipitridae","Accipitriformes","Swainson's Hawk",1.505416308,"Accipitriformes","Buteo swainsoni","Accipitridae","Accipitridae","Buteo swainsoni","U","","Accipitridae","Accipitridae","Osprey, kites, hawks and eagles","","INVESTIGATE","Buteo_swainsoni","Accipitriformes","Accipitridae","Osprey, kites, hawks and eagles","Buteo swainsoni","Swainson's Hawk","",1.505416308
"6",155,-1.676962755,"Buteo albonotatus","Zone-tailed Hawk","Buteo albonotatus","Buteo albonotatus","Accipitridae","Accipitriformes","Zone-tailed Hawk",1.48336823,"Accipitriformes","Buteo albonotatus","Accipitridae","Accipitridae","Buteo albonotatus","N","","Accipitridae","Accipitridae","Osprey, kites, hawks and eagles","","INVESTIGATE","Buteo_albonotatus","Accipitriformes","Accipitridae","Osprey, kites, hawks and eagles","Buteo albonotatus","Zone-tailed Hawk","",1.48336823
"7",156,1.229218034,"Buteo jamaicensis","Red-tailed Hawk","Buteo jamaicensis","Buteo jamaicensis","Accipitridae","Accipitriformes","Red-tailed Hawk",1.406946805,"Accipitriformes","Buteo jamaicensis","Accipitridae","Accipitridae","Buteo jamaicensis","U","","Accipitridae","Accipitridae","Osprey, kites, hawks and eagles","","INVESTIGATE","Buteo_jamaicensis","Accipitriformes","Accipitridae","Osprey, kites, hawks and eagles","Buteo jamaicensis","Red-tailed Hawk","Yes",1.406946805
"8",157,-1.688411843,"Buteo regalis","Ferruginous Hawk","Buteo regalis","Buteo regalis","Accipitridae","Accipitriformes","Ferruginous Hawk",0.863435187,"Accipitriformes","Buteo regalis","Accipitridae","Accipitridae","Buteo regalis","N","","Accipitridae","Accipitridae","Osprey, kites, hawks and eagles","","INVESTIGATE","Buteo_regalis","Accipitriformes","Accipitridae","Osprey, kites, hawks and eagles","Buteo regalis","Ferruginous Hawk","",0.863435187
"9",169,0.697136296,"Falco sparverius","American Kestrel","Falco sparverius","Falco sparverius","Falconidae","Falconiformes","American Kestrel",1.535513151,"Falconiformes","Falco sparverius","Falconidae","Falconidae","Falco sparverius","U","","Falconidae","Falconidae","Falcons and caracaras","","INVESTIGATE","Falco_sparverius","Falconiformes","Falconidae","Falcons and caracaras","Falco sparverius","American Kestrel","",1.535513151
"10",170,0.512835804,"Falco columbarius","Merlin","Falco columbarius","Falco columbarius","Falconidae","Falconiformes","Merlin",1.832785331,"Falconiformes","Falco columbarius","Falconidae","Falconidae","Falco columbarius","U","","Falconidae","Falconidae","Falcons and caracaras","","INVESTIGATE","Falco_columbarius","Falconiformes","Falconidae","Falcons and caracaras","Falco columbarius","Merlin","Yes",1.832785331
"11",171,-1.465331271,"Falco mexicanus","Prairie Falcon","Falco mexicanus","Falco mexicanus","Falconidae","Falconiformes","Prairie Falcon",0.978760431,"Falconiformes","Falco mexicanus","Falconidae","Falconidae","Falco mexicanus","N","","Falconidae","Falconidae","Falcons and caracaras","","INVESTIGATE","Falco_mexicanus","Falconiformes","Falconidae","Falcons and caracaras","Falco mexicanus","Prairie Falcon","",0.978760431
"12",234,NA,NA,NA,"Accipiter badius","Accipiter badius","Accipitridae","Accipitriformes","Shikra",2.070468576,"Accipitriformes","Accipiter badius",NA,NA,"Accipiter badius","U","","Accipitridae","Accipitridae","Osprey, kites, hawks and eagles","","INVESTIGATE","Accipiter_badius","Accipitriformes","Accipitridae","Osprey, kites, hawks and eagles","Accipiter badius","Shikra","",2.070468576
"13",235,NA,NA,NA,"Accipiter cirrocephalus","Accipiter cirrocephalus","Accipitridae","Accipitriformes","Collared Sparrowhawk",1.43878721,"Accipitriformes","Accipiter cirrocephalus",NA,NA,"Accipiter cirrocephalus","U","","Accipitridae","Accipitridae","Osprey, kites, hawks and eagles","","INVESTIGATE","Accipiter_cirrocephalus","Accipitriformes","Accipitridae","Osprey, kites, hawks and eagles","Accipiter cirrocephalus","Collared Sparrowhawk","",1.43878721
"14",236,NA,NA,NA,"Accipiter fasciatus","Accipiter fasciatus","Accipitridae","Accipitriformes","Brown Goshawk",1.47249812,"Accipitriformes","Accipiter fasciatus",NA,NA,"Accipiter fasciatus","U","","Accipitridae","Accipitridae","Osprey, kites, hawks and eagles","","INVESTIGATE","Accipiter_fasciatus","Accipitriformes","Accipitridae","Osprey, kites, hawks and eagles","Accipiter fasciatus","Brown Goshawk","",1.47249812
"15",238,NA,NA,NA,"Accipiter striatus","Accipiter striatus","Accipitridae","Accipitriformes","Sharp-shinned Hawk",1.822389331,"Accipitriformes","Accipiter striatus",NA,NA,"Accipiter striatus","N","","Accipitridae","Accipitridae","Osprey, kites, hawks and eagles","","INVESTIGATE","Accipiter_striatus","Accipitriformes","Accipitridae","Osprey, kites, hawks and eagles","Accipiter striatus","Sharp-shinned Hawk","",1.822389331
"16",239,NA,NA,NA,"Buteo buteo","Buteo buteo","Accipitridae","Accipitriformes","Common Buzzard",1.225068333,"Accipitriformes","Buteo buteo",NA,NA,"Buteo buteo","U","","Accipitridae","Accipitridae","Osprey, kites, hawks and eagles","","INVESTIGATE","Buteo_buteo","Accipitriformes","Accipitridae","Osprey, kites, hawks and eagles","Buteo buteo","Common Buzzard","",1.225068333
"17",240,NA,NA,NA,"Buteo lagopus","Buteo lagopus","Accipitridae","Accipitriformes","Rough-legged Hawk",1.018369228,"Accipitriformes","Buteo lagopus",NA,NA,"Buteo lagopus","N","","Accipitridae","Accipitridae","Osprey, kites, hawks and eagles","","INVESTIGATE","Buteo_lagopus","Accipitriformes","Accipitridae","Osprey, kites, hawks and eagles","Buteo lagopus","Rough-legged Hawk","Yes",1.018369228
"18",297,NA,NA,NA,"Falco berigora","Falco berigora","Falconidae","Falconiformes","Brown Falcon",0.555342499,"Falconiformes","Falco berigora",NA,NA,"Falco berigora","N","","Falconidae","Falconidae","Falcons and caracaras","","INVESTIGATE","Falco_berigora","Falconiformes","Falconidae","Falcons and caracaras","Falco berigora","Brown Falcon","",0.555342499
"19",298,NA,NA,NA,"Falco cenchroides","Falco cenchroides","Falconidae","Falconiformes","Nankeen Kestrel",1.106892467,"Falconiformes","Falco cenchroides",NA,NA,"Falco cenchroides","U","","Falconidae","Falconidae","Falcons and caracaras","","INVESTIGATE","Falco_cenchroides","Falconiformes","Falconidae","Falcons and caracaras","Falco cenchroides","Nankeen Kestrel","Yes",1.106892467
"20",299,NA,NA,NA,"Falco naumanni","Falco naumanni","Falconidae","Falconiformes","Lesser Kestrel",1.642719677,"Falconiformes","Falco naumanni",NA,NA,"Falco naumanni","U","","Falconidae","Falconidae","Falcons and caracaras","","INVESTIGATE","Falco_naumanni","Falconiformes","Falconidae","Falcons and caracaras","Falco naumanni","Lesser Kestrel","",1.642719677
"21",300,NA,NA,NA,"Falco peregrinus","Falco peregrinus","Falconidae","Falconiformes","Peregrine Falcon",1.974832947,"Falconiformes","Falco peregrinus",NA,NA,"Falco peregrinus","U","","Falconidae","Falconidae","Falcons and caracaras","","INVESTIGATE","Falco_peregrinus","Falconiformes","Falconidae","Falcons and caracaras","Falco peregrinus","Peregrine Falcon","Yes",1.974832947
"22",537,0.911774813,"Cathartes aura","Turkey Vulture","Cathartes aura","Cathartes aura","Cathartidae","Accipitriformes","Turkey Vulture",1.405658159,"Cathartiformes","Cathartes aura","Cathartidae","Cathartidae",NA,NA,"","Cathartidae","Cathartidae","New World vultures","","INVESTIGATE","Cathartes_aura","Accipitriformes","Cathartidae","New World vultures","Cathartes aura","Turkey Vulture","",1.405658159
"23",538,2.08984821,"Pandion haliaetus","Osprey","Pandion haliaetus","Pandion haliaetus","Accipitridae","Accipitriformes","Osprey",1.654413034,"Accipitriformes","Pandion haliaetus","Pandionidae","Pandionidae",NA,NA,"","Accipitridae","Accipitridae","Osprey, kites, hawks and eagles","","INVESTIGATE","Pandion_haliaetus","Accipitriformes","Accipitridae","Osprey, kites, hawks and eagles","Pandion haliaetus","Osprey","Yes",1.654413034
"24",539,-1.356633429,"Circus hudsonius","Northern Harrier","Circus hudsonius","Circus cyaneus","Accipitridae","Accipitriformes","Northern Harrier",1.013043303,"Accipitriformes","Circus hudsonius","Accipitridae","Accipitridae",NA,NA,"","Accipitridae","Accipitridae","Osprey, kites, hawks and eagles","","INVESTIGATE","Circus_cyaneus","Accipitriformes","Accipitridae","Osprey, kites, hawks and eagles","Circus cyaneus","Northern Harrier","Yes",1.013043303
"25",540,0.101048078,"Haliaeetus leucocephalus","Bald Eagle","Haliaeetus leucocephalus","Haliaeetus leucocephalus","Accipitridae","Accipitriformes","Bald Eagle",1.44947834,"Accipitriformes","Haliaeetus leucocephalus","Accipitridae","Accipitridae",NA,NA,"","Accipitridae","Accipitridae","Osprey, kites, hawks and eagles","","INVESTIGATE","Haliaeetus_leucocephalus","Accipitriformes","Accipitridae","Osprey, kites, hawks and eagles","Haliaeetus leucocephalus","Bald Eagle","Yes",1.44947834
"26",541,0.857122733,"Ictinia mississippiensis","Mississippi Kite","Ictinia mississippiensis","Ictinia mississippiensis","Accipitridae","Accipitriformes","Mississippi Kite",2.189587003,"Accipitriformes","Ictinia mississippiensis","Accipitridae","Accipitridae",NA,NA,"","Accipitridae","Accipitridae","Osprey, kites, hawks and eagles","","INVESTIGATE","Ictinia_mississippiensis","Accipitriformes","Accipitridae","Osprey, kites, hawks and eagles","Ictinia mississippiensis","Mississippi Kite","",2.189587003
"27",696,NA,NA,NA,"Accipiter brevipes","Accipiter brevipes","Accipitridae","Accipitriformes","Levant Sparrowhawk",2.961498189,"Accipitriformes","Accipiter brevipes",NA,NA,NA,NA,"","Accipitridae","Accipitridae","Osprey, kites, hawks and eagles","","INVESTIGATE","Accipiter_brevipes","Accipitriformes","Accipitridae","Osprey, kites, hawks and eagles","Accipiter brevipes","Levant Sparrowhawk","",2.961498189
"28",697,NA,NA,NA,"Accipiter gentilis","Accipiter gentilis","Accipitridae","Accipitriformes","Northern Goshawk",1.653420419,"Accipitriformes","Accipiter gentilis",NA,NA,NA,NA,"","Accipitridae","Accipitridae","Osprey, kites, hawks and eagles","","INVESTIGATE","Accipiter_gentilis","Accipitriformes","Accipitridae","Osprey, kites, hawks and eagles","Accipiter gentilis","Northern Goshawk","",1.653420419
"29",698,NA,NA,NA,"Accipiter gularis","Accipiter gularis","Accipitridae","Accipitriformes","Japanese Sparrowhawk",2.472802841,"Accipitriformes","Accipiter gularis",NA,NA,NA,NA,"","Accipitridae","Accipitridae","Osprey, kites, hawks and eagles","","INVESTIGATE","Accipiter_gularis","Accipitriformes","Accipitridae","Osprey, kites, hawks and eagles","Accipiter gularis","Japanese Sparrowhawk","",2.472802841
"30",699,NA,NA,NA,"Accipiter melanoleucus","Accipiter melanoleucus","Accipitridae","Accipitriformes","Black Goshawk",2.064683248,"Accipitriformes","Accipiter melanoleucus",NA,NA,NA,NA,"","Accipitridae","Accipitridae","Osprey, kites, hawks and eagles","","INVESTIGATE","Accipiter_melanoleucus","Accipitriformes","Accipitridae","Osprey, kites, hawks and eagles","Accipiter melanoleucus","Black Goshawk","",2.064683248
"31",700,NA,NA,NA,"Accipiter nisus","Accipiter nisus","Accipitridae","Accipitriformes","Eurasian Sparrowhawk",1.854832984,"Accipitriformes","Accipiter nisus",NA,NA,NA,NA,"","Accipitridae","Accipitridae","Osprey, kites, hawks and eagles","","INVESTIGATE","Accipiter_nisus","Accipitriformes","Accipitridae","Osprey, kites, hawks and eagles","Accipiter nisus","Eurasian Sparrowhawk","",1.854832984
"32",704,NA,NA,NA,"Accipiter tachiro","Accipiter tachiro","Accipitridae","Accipitriformes","African Goshawk",1.670355626,"Accipitriformes","Accipiter tachiro",NA,NA,NA,NA,"","Accipitridae","Accipitridae","Osprey, kites, hawks and eagles","","INVESTIGATE","Accipiter_tachiro","Accipitriformes","Accipitridae","Osprey, kites, hawks and eagles","Accipiter tachiro","African Goshawk","Yes",1.670355626
"33",705,NA,NA,NA,"Accipiter trivirgatus","Accipiter trivirgatus","Accipitridae","Accipitriformes","Crested Goshawk",2.85972743,"Accipitriformes","Accipiter trivirgatus",NA,NA,NA,NA,"","Accipitridae","Accipitridae","Osprey, kites, hawks and eagles","","INVESTIGATE","Accipiter_trivirgatus","Accipitriformes","Accipitridae","Osprey, kites, hawks and eagles","Accipiter trivirgatus","Crested Goshawk","",2.85972743
"34",706,NA,NA,NA,"Accipiter virgatus","Accipiter virgatus","Accipitridae","Accipitriformes","Besra",2.076683786,"Accipitriformes","Accipiter virgatus",NA,NA,NA,NA,"","Accipitridae","Accipitridae","Osprey, kites, hawks and eagles","","INVESTIGATE","Accipiter_virgatus","Accipitriformes","Accipitridae","Osprey, kites, hawks and eagles","Accipiter virgatus","Besra","Yes",2.076683786
"35",707,NA,NA,NA,"Aegypius monachus","Aegypius monachus","Accipitridae","Accipitriformes","Cinereous Vulture",1.417262379,"Accipitriformes","Aegypius monachus",NA,NA,NA,NA,"","Accipitridae","Accipitridae","Osprey, kites, hawks and eagles","","INVESTIGATE","Aegypius_monachus","Accipitriformes","Accipitridae","Osprey, kites, hawks and eagles","Aegypius monachus","Cinereous Vulture","",1.417262379
"36",709,NA,NA,NA,"Aquila audax","Aquila audax","Accipitridae","Accipitriformes","Wedge-tailed Eagle",0.542604742,"Accipitriformes","Aquila audax",NA,NA,NA,NA,"","Accipitridae","Accipitridae","Osprey, kites, hawks and eagles","","INVESTIGATE","Aquila_audax","Accipitriformes","Accipitridae","Osprey, kites, hawks and eagles","Aquila audax","Wedge-tailed Eagle","",0.542604742
"37",710,NA,NA,NA,"Aquila chrysaetos","Aquila chrysaetos","Accipitridae","Accipitriformes","Golden Eagle",0.833531358,"Accipitriformes","Aquila chrysaetos",NA,NA,NA,NA,"","Accipitridae","Accipitridae","Osprey, kites, hawks and eagles","","INVESTIGATE","Aquila_chrysaetos","Accipitriformes","Accipitridae","Osprey, kites, hawks and eagles","Aquila chrysaetos","Golden Eagle","Yes",0.833531358
"38",711,NA,NA,NA,"Clanga clanga","Aquila clanga","Accipitridae","Accipitriformes","Greater Spotted Eagle",1.754912619,"Accipitriformes","Clanga clanga",NA,NA,NA,NA,"","Accipitridae","Accipitridae","Osprey, kites, hawks and eagles","","INVESTIGATE","Aquila_clanga","Accipitriformes","Accipitridae","Osprey, kites, hawks and eagles","Aquila clanga","Greater Spotted Eagle","Yes",1.754912619
"39",712,NA,NA,NA,"Aquila fasciata","Aquila fasciatus","Accipitridae","Accipitriformes","Bonelli's Eagle",1.12587868,"Accipitriformes","Aquila fasciata",NA,NA,NA,NA,"","Accipitridae","Accipitridae","Osprey, kites, hawks and eagles","","INVESTIGATE","Aquila_fasciatus","Accipitriformes","Accipitridae","Osprey, kites, hawks and eagles","Aquila fasciatus","Bonelli's Eagle","",1.12587868
"40",713,NA,NA,NA,"Clanga hastata","Aquila hastata","Accipitridae","Accipitriformes","Indian Spotted Eagle",1.490141911,"Accipitriformes","Clanga hastata",NA,NA,NA,NA,"","Accipitridae","Accipitridae","Osprey, kites, hawks and eagles","","INVESTIGATE","Aquila_hastata","Accipitriformes","Accipitridae","Osprey, kites, hawks and eagles","Aquila hastata","Indian Spotted Eagle","",1.490141911
"41",715,NA,NA,NA,"Aquila nipalensis","Aquila nipalensis","Accipitridae","Accipitriformes","Steppe Eagle",1.655326498,"Accipitriformes","Aquila nipalensis",NA,NA,NA,NA,"","Accipitridae","Accipitridae","Osprey, kites, hawks and eagles","","INVESTIGATE","Aquila_nipalensis","Accipitriformes","Accipitridae","Osprey, kites, hawks and eagles","Aquila nipalensis","Steppe Eagle","",1.655326498
"42",716,NA,NA,NA,"Clanga pomarina","Aquila pomarina","Accipitridae","Accipitriformes","Lesser Spotted Eagle",1.800533558,"Accipitriformes","Clanga pomarina",NA,NA,NA,NA,"","Accipitridae","Accipitridae","Osprey, kites, hawks and eagles","","INVESTIGATE","Aquila_pomarina","Accipitriformes","Accipitridae","Osprey, kites, hawks and eagles","Aquila pomarina","Lesser Spotted Eagle","",1.800533558
"43",717,NA,NA,NA,"Aquila rapax","Aquila rapax","Accipitridae","Accipitriformes","Tawny Eagle",0.914974317,"Accipitriformes","Aquila rapax",NA,NA,NA,NA,"","Accipitridae","Accipitridae","Osprey, kites, hawks and eagles","","INVESTIGATE","Aquila_rapax","Accipitriformes","Accipitridae","Osprey, kites, hawks and eagles","Aquila rapax","Tawny Eagle","",0.914974317
"44",718,NA,NA,NA,"Aquila verreauxii","Aquila verreauxii","Accipitridae","Accipitriformes","Verreaux's Eagle",1.211401318,"Accipitriformes","Aquila verreauxii",NA,NA,NA,NA,"","Accipitridae","Accipitridae","Osprey, kites, hawks and eagles","","INVESTIGATE","Aquila_verreauxii","Accipitriformes","Accipitridae","Osprey, kites, hawks and eagles","Aquila verreauxii","Verreaux's Eagle","",1.211401318
"45",719,NA,NA,NA,"Hieraaetus wahlbergi","Aquila wahlbergi","Accipitridae","Accipitriformes","Wahlberg's Eagle",0.738571399,"Accipitriformes","Hieraaetus wahlbergi",NA,NA,NA,NA,"","Accipitridae","Accipitridae","Osprey, kites, hawks and eagles","","INVESTIGATE","Aquila_wahlbergi","Accipitriformes","Accipitridae","Osprey, kites, hawks and eagles","Aquila wahlbergi","Wahlberg's Eagle","",0.738571399
"46",720,NA,NA,NA,"Aviceda jerdoni","Aviceda jerdoni","Accipitridae","Accipitriformes","Jerdon's Baza",3.713046242,"Accipitriformes","Aviceda jerdoni",NA,NA,NA,NA,"","Accipitridae","Accipitridae","Osprey, kites, hawks and eagles","","INVESTIGATE","Aviceda_jerdoni","Accipitriformes","Accipitridae","Osprey, kites, hawks and eagles","Aviceda jerdoni","Jerdon's Baza","Yes",3.713046242
"47",721,NA,NA,NA,"Aviceda leuphotes","Aviceda leuphotes","Accipitridae","Accipitriformes","Black Baza",2.55186238,"Accipitriformes","Aviceda leuphotes",NA,NA,NA,NA,"","Accipitridae","Accipitridae","Osprey, kites, hawks and eagles","","INVESTIGATE","Aviceda_leuphotes","Accipitriformes","Accipitridae","Osprey, kites, hawks and eagles","Aviceda leuphotes","Black Baza","Yes",2.55186238
"48",722,NA,NA,NA,"Aviceda subcristata","Aviceda subcristata","Accipitridae","Accipitriformes","Pacific Baza",1.387799132,"Accipitriformes","Aviceda subcristata",NA,NA,NA,NA,"","Accipitridae","Accipitridae","Osprey, kites, hawks and eagles","","INVESTIGATE","Aviceda_subcristata","Accipitriformes","Accipitridae","Osprey, kites, hawks and eagles","Aviceda subcristata","Pacific Baza","Yes",1.387799132
"49",723,NA,NA,NA,"Busarellus nigricollis","Busarellus nigricollis","Accipitridae","Accipitriformes","Black-collared Hawk",1.407593623,"Accipitriformes","Busarellus nigricollis",NA,NA,NA,NA,"","Accipitridae","Accipitridae","Osprey, kites, hawks and eagles","","INVESTIGATE","Busarellus_nigricollis","Accipitriformes","Accipitridae","Osprey, kites, hawks and eagles","Busarellus nigricollis","Black-collared Hawk","Yes",1.407593623
"50",725,NA,NA,NA,"Butastur teesa","Butastur teesa","Accipitridae","Accipitriformes","White-eyed Buzzard",1.231746797,"Accipitriformes","Butastur teesa",NA,NA,NA,NA,"","Accipitridae","Accipitridae","Osprey, kites, hawks and eagles","","INVESTIGATE","Butastur_teesa","Accipitriformes","Accipitridae","Osprey, kites, hawks and eagles","Butastur teesa","White-eyed Buzzard","",1.231746797
"51",726,NA,NA,NA,"Buteo albigula","Buteo albigula","Accipitridae","Accipitriformes","White-throated Hawk",0.260708445,"Accipitriformes","Buteo albigula",NA,NA,NA,NA,"","Accipitridae","Accipitridae","Osprey, kites, hawks and eagles","","INVESTIGATE","Buteo_albigula","Accipitriformes","Accipitridae","Osprey, kites, hawks and eagles","Buteo albigula","White-throated Hawk","",0.260708445
"52",727,NA,NA,NA,"Buteo augur","Buteo augur","Accipitridae","Accipitriformes","Augur Buzzard",1.161365582,"Accipitriformes","Buteo augur",NA,NA,NA,NA,"","Accipitridae","Accipitridae","Osprey, kites, hawks and eagles","","INVESTIGATE","Buteo_augur","Accipitriformes","Accipitridae","Osprey, kites, hawks and eagles","Buteo augur","Augur Buzzard","",1.161365582
"53",728,NA,NA,NA,"Buteo brachypterus","Buteo brachypterus","Accipitridae","Accipitriformes","Madagascar Buzzard",0.050486367,"Accipitriformes","Buteo brachypterus",NA,NA,NA,NA,"","Accipitridae","Accipitridae","Osprey, kites, hawks and eagles","","INVESTIGATE","Buteo_brachypterus","Accipitriformes","Accipitridae","Osprey, kites, hawks and eagles","Buteo brachypterus","Madagascar Buzzard","",0.050486367
"54",729,NA,NA,NA,"Buteo brachyurus","Buteo brachyurus","Accipitridae","Accipitriformes","Short-tailed Hawk",1.554134227,"Accipitriformes","Buteo brachyurus",NA,NA,NA,NA,"","Accipitridae","Accipitridae","Osprey, kites, hawks and eagles","","INVESTIGATE","Buteo_brachyurus","Accipitriformes","Accipitridae","Osprey, kites, hawks and eagles","Buteo brachyurus","Short-tailed Hawk","",1.554134227
"55",730,NA,NA,NA,"Buteo japonicus","Buteo buteo","Accipitridae","Accipitriformes","Eastern Buzzard",2.154047552,"Accipitriformes","Buteo japonicus",NA,NA,NA,NA,"","Accipitridae","Accipitridae","Osprey, kites, hawks and eagles","","INVESTIGATE","Buteo_buteo","Accipitriformes","Accipitridae","Osprey, kites, hawks and eagles","Buteo buteo","Common Buzzard","",1.225068333
"56",731,NA,NA,NA,"Rupornis magnirostris","Buteo magnirostris","Accipitridae","Accipitriformes","Roadside Hawk",1.717914126,"Accipitriformes","Rupornis magnirostris",NA,NA,NA,NA,"","Accipitridae","Accipitridae","Osprey, kites, hawks and eagles","","INVESTIGATE","Buteo_magnirostris","Accipitriformes","Accipitridae","Osprey, kites, hawks and eagles","Buteo magnirostris","Roadside Hawk","",1.717914126
"57",734,NA,NA,NA,"Buteo ridgwayi","Buteo ridgwayi","Accipitridae","Accipitriformes","Ridgway's Hawk",0.026779846,"Accipitriformes","Buteo ridgwayi",NA,NA,NA,NA,"","Accipitridae","Accipitridae","Osprey, kites, hawks and eagles","","INVESTIGATE","Buteo_ridgwayi","Accipitriformes","Accipitridae","Osprey, kites, hawks and eagles","Buteo ridgwayi","Ridgway's Hawk","",0.026779846
"58",735,NA,NA,NA,"Buteo rufinus","Buteo rufinus","Accipitridae","Accipitriformes","Long-legged Buzzard",1.23005876,"Accipitriformes","Buteo rufinus",NA,NA,NA,NA,"","Accipitridae","Accipitridae","Osprey, kites, hawks and eagles","","INVESTIGATE","Buteo_rufinus","Accipitriformes","Accipitridae","Osprey, kites, hawks and eagles","Buteo rufinus","Long-legged Buzzard","",1.23005876
"59",736,NA,NA,NA,"Buteo rufofuscus","Buteo rufofuscus","Accipitridae","Accipitriformes","Jackal Buzzard",0.92270469,"Accipitriformes","Buteo rufofuscus",NA,NA,NA,NA,"","Accipitridae","Accipitridae","Osprey, kites, hawks and eagles","","INVESTIGATE","Buteo_rufofuscus","Accipitriformes","Accipitridae","Osprey, kites, hawks and eagles","Buteo rufofuscus","Jackal Buzzard","",0.92270469
"60",739,NA,NA,NA,"Buteogallus meridionalis","Buteogallus meridionalis","Accipitridae","Accipitriformes","Savanna Hawk",1.100144156,"Accipitriformes","Buteogallus meridionalis",NA,NA,NA,NA,"","Accipitridae","Accipitridae","Osprey, kites, hawks and eagles","","INVESTIGATE","Buteogallus_meridionalis","Accipitriformes","Accipitridae","Osprey, kites, hawks and eagles","Buteogallus meridionalis","Savanna Hawk","Yes",1.100144156
"61",741,NA,NA,NA,"Chondrohierax uncinatus","Chondrohierax uncinatus","Accipitridae","Accipitriformes","Hook-billed Kite",1.552151596,"Accipitriformes","Chondrohierax uncinatus",NA,NA,NA,NA,"","Accipitridae","Accipitridae","Osprey, kites, hawks and eagles","","INVESTIGATE","Chondrohierax_uncinatus","Accipitriformes","Accipitridae","Osprey, kites, hawks and eagles","Chondrohierax uncinatus","Hook-billed Kite","Yes",1.552151596
"62",742,NA,NA,NA,"Circaetus gallicus","Circaetus gallicus","Accipitridae","Accipitriformes","Short-toed Snake-Eagle",1.171357268,"Accipitriformes","Circaetus gallicus",NA,NA,NA,NA,"","Accipitridae","Accipitridae","Osprey, kites, hawks and eagles","","INVESTIGATE","Circaetus_gallicus","Accipitriformes","Accipitridae","Osprey, kites, hawks and eagles","Circaetus gallicus","Short-toed Snake-eagle","",1.171357268
"63",744,NA,NA,NA,"Circus approximans","Circus approximans","Accipitridae","Accipitriformes","Swamp Harrier",0.729766865,"Accipitriformes","Circus approximans",NA,NA,NA,NA,"","Accipitridae","Accipitridae","Osprey, kites, hawks and eagles","","INVESTIGATE","Circus_approximans","Accipitriformes","Accipitridae","Osprey, kites, hawks and eagles","Circus approximans","Swamp Harrier","Yes",0.729766865
"64",745,NA,NA,NA,"Circus assimilis","Circus assimilis","Accipitridae","Accipitriformes","Spotted Harrier",0.77673743,"Accipitriformes","Circus assimilis",NA,NA,NA,NA,"","Accipitridae","Accipitridae","Osprey, kites, hawks and eagles","","INVESTIGATE","Circus_assimilis","Accipitriformes","Accipitridae","Osprey, kites, hawks and eagles","Circus assimilis","Spotted Harrier","Yes",0.77673743
"65",746,NA,NA,NA,"Circus buffoni","Circus buffoni","Accipitridae","Accipitriformes","Long-winged Harrier",1.645763346,"Accipitriformes","Circus buffoni",NA,NA,NA,NA,"","Accipitridae","Accipitridae","Osprey, kites, hawks and eagles","","INVESTIGATE","Circus_buffoni","Accipitriformes","Accipitridae","Osprey, kites, hawks and eagles","Circus buffoni","Long-winged Harrier","",1.645763346
"66",747,NA,NA,NA,"Circus cinereus","Circus cinereus","Accipitridae","Accipitriformes","Cinereous Harrier",0.688014712,"Accipitriformes","Circus cinereus",NA,NA,NA,NA,"","Accipitridae","Accipitridae","Osprey, kites, hawks and eagles","","INVESTIGATE","Circus_cinereus","Accipitriformes","Accipitridae","Osprey, kites, hawks and eagles","Circus cinereus","Cinereous Harrier","",0.688014712
"67",748,NA,NA,NA,"Circus cyaneus","Circus cyaneus","Accipitridae","Accipitriformes","Hen Harrier",0.836440845,"Accipitriformes","Circus cyaneus",NA,NA,NA,NA,"","Accipitridae","Accipitridae","Osprey, kites, hawks and eagles","","INVESTIGATE","Circus_cyaneus","Accipitriformes","Accipitridae","Osprey, kites, hawks and eagles","Circus cyaneus","Northern Harrier","Yes",1.013043303
"68",749,NA,NA,NA,"Circus macrourus","Circus macrourus","Accipitridae","Accipitriformes","Pallid Harrier",1.054599529,"Accipitriformes","Circus macrourus",NA,NA,NA,NA,"","Accipitridae","Accipitridae","Osprey, kites, hawks and eagles","","INVESTIGATE","Circus_macrourus","Accipitriformes","Accipitridae","Osprey, kites, hawks and eagles","Circus macrourus","Pallid Harrier","",1.054599529
"69",750,NA,NA,NA,"Circus maurus","Circus maurus","Accipitridae","Accipitriformes","Black Harrier",0.473010796,"Accipitriformes","Circus maurus",NA,NA,NA,NA,"","Accipitridae","Accipitridae","Osprey, kites, hawks and eagles","","INVESTIGATE","Circus_maurus","Accipitriformes","Accipitridae","Osprey, kites, hawks and eagles","Circus maurus","Black Harrier","Yes",0.473010796
"70",751,NA,NA,NA,"Circus melanoleucos","Circus melanoleucos","Accipitridae","Accipitriformes","Pied Harrier",1.032935077,"Accipitriformes","Circus melanoleucos",NA,NA,NA,NA,"","Accipitridae","Accipitridae","Osprey, kites, hawks and eagles","","INVESTIGATE","Circus_melanoleucos","Accipitriformes","Accipitridae","Osprey, kites, hawks and eagles","Circus melanoleucos","Pied Harrier","",1.032935077
"71",752,NA,NA,NA,"Circus pygargus","Circus pygargus","Accipitridae","Accipitriformes","Montagu's Harrier",0.659669215,"Accipitriformes","Circus pygargus",NA,NA,NA,NA,"","Accipitridae","Accipitridae","Osprey, kites, hawks and eagles","","INVESTIGATE","Circus_pygargus","Accipitriformes","Accipitridae","Osprey, kites, hawks and eagles","Circus pygargus","Montagu's Harrier","",0.659669215
"72",753,NA,NA,NA,"Circus ranivorus","Circus ranivorus","Accipitridae","Accipitriformes","African Marsh-Harrier",0.779258739,"Accipitriformes","Circus ranivorus",NA,NA,NA,NA,"","Accipitridae","Accipitridae","Osprey, kites, hawks and eagles","","INVESTIGATE","Circus_ranivorus","Accipitriformes","Accipitridae","Osprey, kites, hawks and eagles","Circus ranivorus","African Marsh-harrier","Yes",0.779258739
"73",754,NA,NA,NA,"Circus spilonotus","Circus spilonotus","Accipitridae","Accipitriformes","Eastern Marsh-Harrier",1.470870422,"Accipitriformes","Circus spilonotus",NA,NA,NA,NA,"","Accipitridae","Accipitridae","Osprey, kites, hawks and eagles","","INVESTIGATE","Circus_spilonotus","Accipitriformes","Accipitridae","Osprey, kites, hawks and eagles","Circus spilonotus","Eastern Marsh-harrier","Yes",1.470870422
"74",756,NA,NA,NA,"Elanus axillaris","Elanus axillaris","Accipitridae","Accipitriformes","Black-shouldered Kite",1.365394618,"Accipitriformes","Elanus axillaris",NA,NA,NA,NA,"","Accipitridae","Accipitridae","Osprey, kites, hawks and eagles","","INVESTIGATE","Elanus_axillaris","Accipitriformes","Accipitridae","Osprey, kites, hawks and eagles","Elanus axillaris","Black-shouldered Kite","",1.365394618
"75",757,NA,NA,NA,"Elanus caeruleus","Elanus caeruleus","Accipitridae","Accipitriformes","Black-winged Kite",1.367172806,"Accipitriformes","Elanus caeruleus",NA,NA,NA,NA,"","Accipitridae","Accipitridae","Osprey, kites, hawks and eagles","","INVESTIGATE","Elanus_caeruleus","Accipitriformes","Accipitridae","Osprey, kites, hawks and eagles","Elanus caeruleus","Black-winged Kite","",1.367172806
"76",758,NA,NA,NA,"Elanus leucurus","Elanus leucurus","Accipitridae","Accipitriformes","White-tailed Kite",1.991073589,"Accipitriformes","Elanus leucurus",NA,NA,NA,NA,"","Accipitridae","Accipitridae","Osprey, kites, hawks and eagles","","INVESTIGATE","Elanus_leucurus","Accipitriformes","Accipitridae","Osprey, kites, hawks and eagles","Elanus leucurus","White-tailed Kite","",1.991073589
"77",759,NA,NA,NA,"Gampsonyx swainsonii","Gampsonyx swainsonii","Accipitridae","Accipitriformes","Pearl Kite",1.47324529,"Accipitriformes","Gampsonyx swainsonii",NA,NA,NA,NA,"","Accipitridae","Accipitridae","Osprey, kites, hawks and eagles","","INVESTIGATE","Gampsonyx_swainsonii","Accipitriformes","Accipitridae","Osprey, kites, hawks and eagles","Gampsonyx swainsonii","Pearl Kite","",1.47324529
"78",760,NA,NA,NA,"Geranoaetus melanoleucus","Geranoaetus melanoleucus","Accipitridae","Accipitriformes","Black-chested Buzzard-Eagle",0.628033581,"Accipitriformes","Geranoaetus melanoleucus",NA,NA,NA,NA,"","Accipitridae","Accipitridae","Osprey, kites, hawks and eagles","","INVESTIGATE","Geranoaetus_melanoleucus","Accipitriformes","Accipitridae","Osprey, kites, hawks and eagles","Geranoaetus melanoleucus","Black-chested Buzzard-eagle","",0.628033581
"79",761,NA,NA,NA,"Geranospiza caerulescens","Geranospiza caerulescens","Accipitridae","Accipitriformes","Crane Hawk",0.961202586,"Accipitriformes","Geranospiza caerulescens",NA,NA,NA,NA,"","Accipitridae","Accipitridae","Osprey, kites, hawks and eagles","","INVESTIGATE","Geranospiza_caerulescens","Accipitriformes","Accipitridae","Osprey, kites, hawks and eagles","Geranospiza caerulescens","Crane Hawk","Yes",0.961202586
"80",762,NA,NA,NA,"Gypohierax angolensis","Gypohierax angolensis","Accipitridae","Accipitriformes","Palm-nut Vulture",0.998324615,"Accipitriformes","Gypohierax angolensis",NA,NA,NA,NA,"","Accipitridae","Accipitridae","Osprey, kites, hawks and eagles","","INVESTIGATE","Gypohierax_angolensis","Accipitriformes","Accipitridae","Osprey, kites, hawks and eagles","Gypohierax angolensis","Palm-nut Vulture","Yes",0.998324615
"81",763,NA,NA,NA,"Gyps africanus","Gyps africanus","Accipitridae","Accipitriformes","White-backed Vulture",1.140660353,"Accipitriformes","Gyps africanus",NA,NA,NA,NA,"","Accipitridae","Accipitridae","Osprey, kites, hawks and eagles","","INVESTIGATE","Gyps_africanus","Accipitriformes","Accipitridae","Osprey, kites, hawks and eagles","Gyps africanus","White-backed Vulture","Yes",1.140660353
"82",766,NA,NA,NA,"Haliaeetus albicilla","Haliaeetus albicilla","Accipitridae","Accipitriformes","White-tailed Eagle",0.779958423,"Accipitriformes","Haliaeetus albicilla",NA,NA,NA,NA,"","Accipitridae","Accipitridae","Osprey, kites, hawks and eagles","","INVESTIGATE","Haliaeetus_albicilla","Accipitriformes","Accipitridae","Osprey, kites, hawks and eagles","Haliaeetus albicilla","White-tailed Eagle","Yes",0.779958423
"83",767,NA,NA,NA,"Haliaeetus leucogaster","Haliaeetus leucogaster","Accipitridae","Accipitriformes","White-bellied Sea-Eagle",1.146532454,"Accipitriformes","Haliaeetus leucogaster",NA,NA,NA,NA,"","Accipitridae","Accipitridae","Osprey, kites, hawks and eagles","","INVESTIGATE","Haliaeetus_leucogaster","Accipitriformes","Accipitridae","Osprey, kites, hawks and eagles","Haliaeetus leucogaster","White-bellied Sea-eagle","Yes",1.146532454
"84",768,NA,NA,NA,"Haliaeetus vocifer","Haliaeetus vocifer","Accipitridae","Accipitriformes","African Fish-Eagle",1.03228529,"Accipitriformes","Haliaeetus vocifer",NA,NA,NA,NA,"","Accipitridae","Accipitridae","Osprey, kites, hawks and eagles","","INVESTIGATE","Haliaeetus_vocifer","Accipitriformes","Accipitridae","Osprey, kites, hawks and eagles","Haliaeetus vocifer","African Fish-eagle","Yes",1.03228529
"85",769,NA,NA,NA,"Haliastur indus","Haliastur indus","Accipitridae","Accipitriformes","Brahminy Kite",1.711980101,"Accipitriformes","Haliastur indus",NA,NA,NA,NA,"","Accipitridae","Accipitridae","Osprey, kites, hawks and eagles","","INVESTIGATE","Haliastur_indus","Accipitriformes","Accipitridae","Osprey, kites, hawks and eagles","Haliastur indus","Brahminy Kite","Yes",1.711980101
"86",770,NA,NA,NA,"Haliastur sphenurus","Haliastur sphenurus","Accipitridae","Accipitriformes","Whistling Kite",0.842407658,"Accipitriformes","Haliastur sphenurus",NA,NA,NA,NA,"","Accipitridae","Accipitridae","Osprey, kites, hawks and eagles","","INVESTIGATE","Haliastur_sphenurus","Accipitriformes","Accipitridae","Osprey, kites, hawks and eagles","Haliastur sphenurus","Whistling Kite","Yes",0.842407658
"87",771,NA,NA,NA,"Harpagus bidentatus","Harpagus bidentatus","Accipitridae","Accipitriformes","Double-toothed Kite",0.538923706,"Accipitriformes","Harpagus bidentatus",NA,NA,NA,NA,"","Accipitridae","Accipitridae","Osprey, kites, hawks and eagles","","INVESTIGATE","Harpagus_bidentatus","Accipitriformes","Accipitridae","Osprey, kites, hawks and eagles","Harpagus bidentatus","Double-toothed Kite","",0.538923706
"88",772,NA,NA,NA,"Hieraaetus morphnoides","Hieraaetus morphnoides","Accipitridae","Accipitriformes","Little Eagle",1.237476805,"Accipitriformes","Hieraaetus morphnoides",NA,NA,NA,NA,"","Accipitridae","Accipitridae","Osprey, kites, hawks and eagles","","INVESTIGATE","Hieraaetus_morphnoides","Accipitriformes","Accipitridae","Osprey, kites, hawks and eagles","Hieraaetus morphnoides","Little Eagle","",1.237476805
"89",773,NA,NA,NA,"Hieraaetus pennatus","Hieraaetus pennatus","Accipitridae","Accipitriformes","Booted Eagle",1.578710078,"Accipitriformes","Hieraaetus pennatus",NA,NA,NA,NA,"","Accipitridae","Accipitridae","Osprey, kites, hawks and eagles","","INVESTIGATE","Hieraaetus_pennatus","Accipitriformes","Accipitridae","Osprey, kites, hawks and eagles","Hieraaetus pennatus","Booted Eagle","",1.578710078
"90",775,NA,NA,NA,"Ictinaetus malaiensis","Ictinaetus malayensis","Accipitridae","Accipitriformes","Black Eagle",0.603969485,"Accipitriformes","Ictinaetus malaiensis",NA,NA,NA,NA,"","Accipitridae","Accipitridae","Osprey, kites, hawks and eagles","","INVESTIGATE","Ictinaetus_malayensis","Accipitriformes","Accipitridae","Osprey, kites, hawks and eagles","Ictinaetus malayensis","Black Eagle","",0.603969485
"91",776,NA,NA,NA,"Ictinia plumbea","Ictinia plumbea","Accipitridae","Accipitriformes","Plumbeous Kite",0.525436588,"Accipitriformes","Ictinia plumbea",NA,NA,NA,NA,"","Accipitridae","Accipitridae","Osprey, kites, hawks and eagles","","INVESTIGATE","Ictinia_plumbea","Accipitriformes","Accipitridae","Osprey, kites, hawks and eagles","Ictinia plumbea","Plumbeous Kite","",0.525436588
"92",777,NA,NA,NA,"Kaupifalco monogrammicus","Kaupifalco monogrammicus","Accipitridae","Accipitriformes","Lizard Buzzard",0.97753818,"Accipitriformes","Kaupifalco monogrammicus",NA,NA,NA,NA,"","Accipitridae","Accipitridae","Osprey, kites, hawks and eagles","","INVESTIGATE","Kaupifalco_monogrammicus","Accipitriformes","Accipitridae","Osprey, kites, hawks and eagles","Kaupifalco monogrammicus","Lizard Buzzard","",0.97753818
"93",779,NA,NA,NA,"Pseudastur albicollis","Leucopternis albicollis","Accipitridae","Accipitriformes","White Hawk",0.391167958,"Accipitriformes","Pseudastur albicollis",NA,NA,NA,NA,"","Accipitridae","Accipitridae","Osprey, kites, hawks and eagles","","INVESTIGATE","Leucopternis_albicollis","Accipitriformes","Accipitridae","Osprey, kites, hawks and eagles","Leucopternis albicollis","White Hawk","",0.391167958
"94",782,NA,NA,NA,"Leucopternis semiplumbeus","Leucopternis semiplumbeus","Accipitridae","Accipitriformes","Semiplumbeous Hawk",0.227773183,"Accipitriformes","Leucopternis semiplumbeus",NA,NA,NA,NA,"","Accipitridae","Accipitridae","Osprey, kites, hawks and eagles","","INVESTIGATE","Leucopternis_semiplumbeus","Accipitriformes","Accipitridae","Osprey, kites, hawks and eagles","Leucopternis semiplumbeus","Semiplumbeous Hawk","",0.227773183
"95",783,NA,NA,NA,"Lophaetus occipitalis","Lophaetus occipitalis","Accipitridae","Accipitriformes","Long-crested Eagle",0.985066816,"Accipitriformes","Lophaetus occipitalis",NA,NA,NA,NA,"","Accipitridae","Accipitridae","Osprey, kites, hawks and eagles","","INVESTIGATE","Lophaetus_occipitalis","Accipitriformes","Accipitridae","Osprey, kites, hawks and eagles","Lophaetus occipitalis","Long-crested Eagle","",0.985066816
"96",784,NA,NA,NA,"Lophoictinia isura","Lophoictinia isura","Accipitridae","Accipitriformes","Square-tailed Kite",0.906312185,"Accipitriformes","Lophoictinia isura",NA,NA,NA,NA,"","Accipitridae","Accipitridae","Osprey, kites, hawks and eagles","","INVESTIGATE","Lophoictinia_isura","Accipitriformes","Accipitridae","Osprey, kites, hawks and eagles","Lophoictinia isura","Square-tailed Kite","",0.906312185
"97",785,NA,NA,NA,"Milvus migrans","Milvus migrans","Accipitridae","Accipitriformes","Black Kite",1.646870061,"Accipitriformes","Milvus migrans",NA,NA,NA,NA,"","Accipitridae","Accipitridae","Osprey, kites, hawks and eagles","","INVESTIGATE","Milvus_migrans","Accipitriformes","Accipitridae","Osprey, kites, hawks and eagles","Milvus migrans","Black Kite","Yes",1.646870061
"98",786,NA,NA,NA,"Milvus milvus","Milvus milvus","Accipitridae","Accipitriformes","Red Kite",0.719705747,"Accipitriformes","Milvus milvus",NA,NA,NA,NA,"","Accipitridae","Accipitridae","Osprey, kites, hawks and eagles","","INVESTIGATE","Milvus_milvus","Accipitriformes","Accipitridae","Osprey, kites, hawks and eagles","Milvus milvus","Red Kite","",0.719705747
"99",787,NA,NA,NA,"Necrosyrtes monachus","Necrosyrtes monachus","Accipitridae","Accipitriformes","Hooded Vulture",1.506793588,"Accipitriformes","Necrosyrtes monachus",NA,NA,NA,NA,"","Accipitridae","Accipitridae","Osprey, kites, hawks and eagles","","INVESTIGATE","Necrosyrtes_monachus","Accipitriformes","Accipitridae","Osprey, kites, hawks and eagles","Necrosyrtes monachus","Hooded Vulture","",1.506793588
"100",788,NA,NA,NA,"Neophron percnopterus","Neophron percnopterus","Accipitridae","Accipitriformes","Egyptian Vulture",1.161109339,"Accipitriformes","Neophron percnopterus",NA,NA,NA,NA,"","Accipitridae","Accipitridae","Osprey, kites, hawks and eagles","","INVESTIGATE","Neophron_percnopterus","Accipitriformes","Accipitridae","Osprey, kites, hawks and eagles","Neophron percnopterus","Egyptian Vulture","",1.161109339
"101",789,NA,NA,NA,"Nisaetus alboniger","Nisaetus alboniger","Accipitridae","Accipitriformes","Blyth's Hawk-Eagle",0.071112097,"Accipitriformes","Nisaetus alboniger",NA,NA,NA,NA,"","Accipitridae","Accipitridae","Osprey, kites, hawks and eagles","","INVESTIGATE","Nisaetus_alboniger","Accipitriformes","Accipitridae","Osprey, kites, hawks and eagles","Nisaetus alboniger","Blyth's Hawk-eagle","",0.071112097
"102",790,NA,NA,NA,"Nisaetus cirrhatus","Nisaetus cirrhatus","Accipitridae","Accipitriformes","Changeable Hawk-Eagle",1.084974144,"Accipitriformes","Nisaetus cirrhatus",NA,NA,NA,NA,"","Accipitridae","Accipitridae","Osprey, kites, hawks and eagles","","INVESTIGATE","Nisaetus_cirrhatus","Accipitriformes","Accipitridae","Osprey, kites, hawks and eagles","Nisaetus cirrhatus","Changeable Hawk-eagle","",1.084974144
"103",791,NA,NA,NA,"Nisaetus nipalensis","Nisaetus nipalensis","Accipitridae","Accipitriformes","Mountain Hawk-Eagle",0.280280231,"Accipitriformes","Nisaetus nipalensis",NA,NA,NA,NA,"","Accipitridae","Accipitridae","Osprey, kites, hawks and eagles","","INVESTIGATE","Nisaetus_nipalensis","Accipitriformes","Accipitridae","Osprey, kites, hawks and eagles","Nisaetus nipalensis","Mountain Hawk-eagle","",0.280280231
"104",792,NA,NA,NA,"Parabuteo unicinctus","Parabuteo unicinctus","Accipitridae","Accipitriformes","Harris's Hawk",2.241553952,"Accipitriformes","Parabuteo unicinctus",NA,NA,NA,NA,"","Accipitridae","Accipitridae","Osprey, kites, hawks and eagles","","INVESTIGATE","Parabuteo_unicinctus","Accipitriformes","Accipitridae","Osprey, kites, hawks and eagles","Parabuteo unicinctus","Harris's Hawk","",2.241553952
"105",793,NA,NA,NA,"Pernis apivorus","Pernis apivorus","Accipitridae","Accipitriformes","European Honey-buzzard",1.302738493,"Accipitriformes","Pernis apivorus",NA,NA,NA,NA,"","Accipitridae","Accipitridae","Osprey, kites, hawks and eagles","","INVESTIGATE","Pernis_apivorus","Accipitriformes","Accipitridae","Osprey, kites, hawks and eagles","Pernis apivorus","European Honey-buzzard","",1.302738493
"106",794,NA,NA,NA,"Pernis ptilorhynchus","Pernis ptilorhyncus","Accipitridae","Accipitriformes","Oriental Honey-buzzard",1.76029718,"Accipitriformes","Pernis ptilorhynchus",NA,NA,NA,NA,"","Accipitridae","Accipitridae","Osprey, kites, hawks and eagles","","INVESTIGATE","Pernis_ptilorhyncus","Accipitriformes","Accipitridae","Osprey, kites, hawks and eagles","Pernis ptilorhyncus","Oriental Honey-buzzard","",1.76029718
"107",795,NA,NA,NA,"Polyboroides typus","Polyboroides typus","Accipitridae","Accipitriformes","African Harrier-Hawk",1.448751249,"Accipitriformes","Polyboroides typus",NA,NA,NA,NA,"","Accipitridae","Accipitridae","Osprey, kites, hawks and eagles","","INVESTIGATE","Polyboroides_typus","Accipitriformes","Accipitridae","Osprey, kites, hawks and eagles","Polyboroides typus","African Harrier-hawk","",1.448751249
"108",796,NA,NA,NA,"Rostrhamus sociabilis","Rostrhamus sociabilis","Accipitridae","Accipitriformes","Snail Kite",1.911208052,"Accipitriformes","Rostrhamus sociabilis",NA,NA,NA,NA,"","Accipitridae","Accipitridae","Osprey, kites, hawks and eagles","","INVESTIGATE","Rostrhamus_sociabilis","Accipitriformes","Accipitridae","Osprey, kites, hawks and eagles","Rostrhamus sociabilis","Snail Kite","",1.911208052
"109",797,NA,NA,NA,"Spilornis cheela","Spilornis cheela","Accipitridae","Accipitriformes","Crested Serpent-Eagle",1.134466213,"Accipitriformes","Spilornis cheela",NA,NA,NA,NA,"","Accipitridae","Accipitridae","Osprey, kites, hawks and eagles","","INVESTIGATE","Spilornis_cheela","Accipitriformes","Accipitridae","Osprey, kites, hawks and eagles","Spilornis cheela","Crested Serpent-eagle","Yes",1.134466213
"110",798,NA,NA,NA,"Spilornis elgini","Spilornis elgini","Accipitridae","Accipitriformes","Andaman Serpent-Eagle",0.152434534,"Accipitriformes","Spilornis elgini",NA,NA,NA,NA,"","Accipitridae","Accipitridae","Osprey, kites, hawks and eagles","","INVESTIGATE","Spilornis_elgini","Accipitriformes","Accipitridae","Osprey, kites, hawks and eagles","Spilornis elgini","Andaman Serpent-eagle","",0.152434534
"111",799,NA,NA,NA,"Spilornis holospilus","Spilornis holospilus","Accipitridae","Accipitriformes","Philippine Serpent-Eagle",0.64281722,"Accipitriformes","Spilornis holospilus",NA,NA,NA,NA,"","Accipitridae","Accipitridae","Osprey, kites, hawks and eagles","","INVESTIGATE","Spilornis_holospilus","Accipitriformes","Accipitridae","Osprey, kites, hawks and eagles","Spilornis holospilus","Philippine Serpent-eagle","",0.64281722
"112",800,NA,NA,NA,"Spizaetus isidori","Spizaetus isidori","Accipitridae","Accipitriformes","Black-and-chestnut Eagle",0.036454556,"Accipitriformes","Spizaetus isidori",NA,NA,NA,NA,"","Accipitridae","Accipitridae","Osprey, kites, hawks and eagles","","INVESTIGATE","Spizaetus_isidori","Accipitriformes","Accipitridae","Osprey, kites, hawks and eagles","Spizaetus isidori","Black-and-chestnut Eagle","",0.036454556
"113",801,NA,NA,NA,"Spizaetus ornatus","Spizaetus ornatus","Accipitridae","Accipitriformes","Ornate Hawk-Eagle",0.725530997,"Accipitriformes","Spizaetus ornatus",NA,NA,NA,NA,"","Accipitridae","Accipitridae","Osprey, kites, hawks and eagles","","INVESTIGATE","Spizaetus_ornatus","Accipitriformes","Accipitridae","Osprey, kites, hawks and eagles","Spizaetus ornatus","Ornate Hawk-eagle","",0.725530997
"114",802,NA,NA,NA,"Spizaetus tyrannus","Spizaetus tyrannus","Accipitridae","Accipitriformes","Black Hawk-Eagle",0.776402857,"Accipitriformes","Spizaetus tyrannus",NA,NA,NA,NA,"","Accipitridae","Accipitridae","Osprey, kites, hawks and eagles","","INVESTIGATE","Spizaetus_tyrannus","Accipitriformes","Accipitridae","Osprey, kites, hawks and eagles","Spizaetus tyrannus","Black Hawk-eagle","",0.776402857
"115",804,NA,NA,NA,"Cathartes burrovianus","Cathartes burrovianus","Cathartidae","Accipitriformes","Lesser Yellow-headed Vulture",1.855225173,"Cathartiformes","Cathartes burrovianus",NA,NA,NA,NA,"","Cathartidae","Cathartidae","New World vultures","","INVESTIGATE","Cathartes_burrovianus","Accipitriformes","Cathartidae","New World vultures","Cathartes burrovianus","Lesser Yellow-headed Vulture","Yes",1.855225173
"116",805,NA,NA,NA,"Cathartes melambrotus","Cathartes melambrotus","Cathartidae","Accipitriformes","Greater Yellow-headed Vulture",0.667125257,"Cathartiformes","Cathartes melambrotus",NA,NA,NA,NA,"","Cathartidae","Cathartidae","New World vultures","","INVESTIGATE","Cathartes_melambrotus","Accipitriformes","Cathartidae","New World vultures","Cathartes melambrotus","Greater Yellow-headed Vulture","",0.667125257
"117",806,NA,NA,NA,"Coragyps atratus","Coragyps atratus","Cathartidae","Accipitriformes","Black Vulture",1.737445164,"Cathartiformes","Coragyps atratus",NA,NA,NA,NA,"","Cathartidae","Cathartidae","New World vultures","","INVESTIGATE","Coragyps_atratus","Accipitriformes","Cathartidae","New World vultures","Coragyps atratus","Black Vulture","Yes",1.737445164
"118",807,NA,NA,NA,"Sarcoramphus papa","Sarcoramphus papa","Cathartidae","Accipitriformes","King Vulture",0.215717289,"Cathartiformes","Sarcoramphus papa",NA,NA,NA,NA,"","Cathartidae","Cathartidae","New World vultures","","INVESTIGATE","Sarcoramphus_papa","Accipitriformes","Cathartidae","New World vultures","Sarcoramphus papa","King Vulture","",0.215717289
"119",808,NA,NA,NA,"Vultur gryphus","Vultur gryphus","Cathartidae","Accipitriformes","Andean Condor",0.321418065,"Cathartiformes","Vultur gryphus",NA,NA,NA,NA,"","Cathartidae","Cathartidae","New World vultures","","INVESTIGATE","Vultur_gryphus","Accipitriformes","Cathartidae","New World vultures","Vultur gryphus","Andean Condor","Yes",0.321418065
"120",1567,NA,NA,NA,"Daptrius ater","Daptrius ater","Falconidae","Falconiformes","Black Caracara",0.166952005,"Falconiformes","Daptrius ater",NA,NA,NA,NA,"","Falconidae","Falconidae","Falcons and caracaras","","INVESTIGATE","Daptrius_ater","Falconiformes","Falconidae","Falcons and caracaras","Daptrius ater","Black Caracara","Yes",0.166952005
"121",1568,NA,NA,NA,"Falco amurensis","Falco amurensis","Falconidae","Falconiformes","Amur Falcon",1.792247146,"Falconiformes","Falco amurensis",NA,NA,NA,NA,"","Falconidae","Falconidae","Falcons and caracaras","","INVESTIGATE","Falco_amurensis","Falconiformes","Falconidae","Falcons and caracaras","Falco amurensis","Amur Falcon","",1.792247146
"122",1569,NA,NA,NA,"Falco chicquera","Falco chicquera","Falconidae","Falconiformes","Red-necked Falcon",1.330076126,"Falconiformes","Falco chicquera",NA,NA,NA,NA,"","Falconidae","Falconidae","Falcons and caracaras","","INVESTIGATE","Falco_chicquera","Falconiformes","Falconidae","Falcons and caracaras","Falco chicquera","Red-necked Falcon","",1.330076126
"123",1570,NA,NA,NA,"Falco cuvierii","Falco cuvierii","Falconidae","Falconiformes","African Hobby",1.536131581,"Falconiformes","Falco cuvierii",NA,NA,NA,NA,"","Falconidae","Falconidae","Falcons and caracaras","","INVESTIGATE","Falco_cuvierii","Falconiformes","Falconidae","Falcons and caracaras","Falco cuvierii","African Hobby","",1.536131581
"124",1571,NA,NA,NA,"Falco femoralis","Falco femoralis","Falconidae","Falconiformes","Aplomado Falcon",2.036616891,"Falconiformes","Falco femoralis",NA,NA,NA,NA,"","Falconidae","Falconidae","Falcons and caracaras","","INVESTIGATE","Falco_femoralis","Falconiformes","Falconidae","Falcons and caracaras","Falco femoralis","Aplomado Falcon","Yes",2.036616891
"125",1572,NA,NA,NA,"Falco longipennis","Falco longipennis","Falconidae","Falconiformes","Australian Hobby",1.561377136,"Falconiformes","Falco longipennis",NA,NA,NA,NA,"","Falconidae","Falconidae","Falcons and caracaras","","INVESTIGATE","Falco_longipennis","Falconiformes","Falconidae","Falcons and caracaras","Falco longipennis","Australian Hobby","",1.561377136
"126",1574,NA,NA,NA,"Falco novaeseelandiae","Falco novaeseelandiae","Falconidae","Falconiformes","New Zealand Falcon",0.416801126,"Falconiformes","Falco novaeseelandiae",NA,NA,NA,NA,"","Falconidae","Falconidae","Falcons and caracaras","","INVESTIGATE","Falco_novaeseelandiae","Falconiformes","Falconidae","Falcons and caracaras","Falco novaeseelandiae","New Zealand Falcon","",0.416801126
"127",1575,NA,NA,NA,"Falco rufigularis","Falco rufigularis","Falconidae","Falconiformes","Bat Falcon",1.642458603,"Falconiformes","Falco rufigularis",NA,NA,NA,NA,"","Falconidae","Falconidae","Falcons and caracaras","","INVESTIGATE","Falco_rufigularis","Falconiformes","Falconidae","Falcons and caracaras","Falco rufigularis","Bat Falcon","",1.642458603
"128",1576,NA,NA,NA,"Falco subbuteo","Falco subbuteo","Falconidae","Falconiformes","Eurasian Hobby",1.346661295,"Falconiformes","Falco subbuteo",NA,NA,NA,NA,"","Falconidae","Falconidae","Falcons and caracaras","","INVESTIGATE","Falco_subbuteo","Falconiformes","Falconidae","Falcons and caracaras","Falco subbuteo","Eurasian Hobby","",1.346661295
"129",1578,NA,NA,NA,"Herpetotheres cachinnans","Herpetotheres cachinnans","Falconidae","Falconiformes","Laughing Falcon",0.811707787,"Falconiformes","Herpetotheres cachinnans",NA,NA,NA,NA,"","Falconidae","Falconidae","Falcons and caracaras","","INVESTIGATE","Herpetotheres_cachinnans","Falconiformes","Falconidae","Falcons and caracaras","Herpetotheres cachinnans","Laughing Falcon","",0.811707787
"130",1579,NA,NA,NA,"Ibycter americanus","Ibycter americanus","Falconidae","Falconiformes","Red-throated Caracara",0.015353959,"Falconiformes","Ibycter americanus",NA,NA,NA,NA,"","Falconidae","Falconidae","Falcons and caracaras","","INVESTIGATE","Ibycter_americanus","Falconiformes","Falconidae","Falcons and caracaras","Ibycter americanus","Red-throated Caracara","",0.015353959
"131",1580,NA,NA,NA,"Micrastur mirandollei","Micrastur mirandollei","Falconidae","Falconiformes","Slaty-backed Forest-Falcon",0.266723304,"Falconiformes","Micrastur mirandollei",NA,NA,NA,NA,"","Falconidae","Falconidae","Falcons and caracaras","","INVESTIGATE","Micrastur_mirandollei","Falconiformes","Falconidae","Falcons and caracaras","Micrastur mirandollei","Slaty-backed Forest-falcon","",0.266723304
"132",1581,NA,NA,NA,"Micrastur ruficollis","Micrastur ruficollis","Falconidae","Falconiformes","Barred Forest-Falcon",0.176425674,"Falconiformes","Micrastur ruficollis",NA,NA,NA,NA,"","Falconidae","Falconidae","Falcons and caracaras","","INVESTIGATE","Micrastur_ruficollis","Falconiformes","Falconidae","Falcons and caracaras","Micrastur ruficollis","Barred Forest-falcon","Yes",0.176425674
"133",1582,NA,NA,NA,"Micrastur semitorquatus","Micrastur semitorquatus","Falconidae","Falconiformes","Collared Forest-Falcon",0.523555873,"Falconiformes","Micrastur semitorquatus",NA,NA,NA,NA,"","Falconidae","Falconidae","Falcons and caracaras","","INVESTIGATE","Micrastur_semitorquatus","Falconiformes","Falconidae","Falcons and caracaras","Micrastur semitorquatus","Collared Forest-falcon","Yes",0.523555873
"134",1583,NA,NA,NA,"Microhierax erythrogenys","Microhierax erythrogenys","Falconidae","Falconiformes","Philippine Falconet",0.792732522,"Falconiformes","Microhierax erythrogenys",NA,NA,NA,NA,"","Falconidae","Falconidae","Falcons and caracaras","","INVESTIGATE","Microhierax_erythrogenys","Falconiformes","Falconidae","Falcons and caracaras","Microhierax erythrogenys","Philippine Falconet","",0.792732522
"135",1584,NA,NA,NA,"Spiziapteryx circumcincta","Spiziapteryx circumcincta","Falconidae","Falconiformes","Spot-winged Falconet",0.560130831,"Falconiformes","Spiziapteryx circumcincta",NA,NA,NA,NA,"","Falconidae","Falconidae","Falcons and caracaras","","INVESTIGATE","Spiziapteryx_circumcincta","Falconiformes","Falconidae","Falcons and caracaras","Spiziapteryx circumcincta","Spot-winged Falconet","",0.560130831
"136",NA,NA,NA,NA,NA,NA,NA,NA,NA,NA,NA,NA,NA,NA,NA,NA,NA,NA,NA,NA,NA,NA,"Harpyhaliaetus_coronatus","Accipitriformes","Accipitridae","Osprey, kites, hawks and eagles","Harpyhaliaetus coronatus","Crowned Eagle","",1.372427906
"137",NA,NA,NA,NA,NA,NA,NA,NA,NA,NA,NA,NA,NA,NA,NA,NA,NA,NA,NA,NA,NA,NA,"Phalcoboenus_megalopterus","Falconiformes","Falconidae","Falcons and caracaras","Phalcoboenus megalopterus","Mountain Caracara","",0.409725374
"138",NA,NA,NA,NA,NA,NA,NA,NA,NA,NA,NA,NA,NA,NA,NA,NA,NA,NA,NA,NA,NA,NA,"Caracara_cheriway","Falconiformes","Falconidae","Falcons and caracaras","Caracara cheriway","Crested Caracara","",1.571472057
"139",NA,NA,NA,NA,NA,NA,NA,NA,NA,NA,NA,NA,NA,NA,NA,NA,NA,NA,NA,NA,NA,NA,"Milvago_chimango","Falconiformes","Falconidae","Falcons and caracaras","Milvago chimango","Chimango Caracara","",1.888323853
"140",NA,NA,NA,NA,NA,NA,NA,NA,NA,NA,NA,NA,NA,NA,NA,NA,NA,NA,NA,NA,NA,NA,"Milvago_chimachima","Falconiformes","Falconidae","Falcons and caracaras","Milvago chimachima","Yellow-headed Caracara","",2.004603848
