,Species_Jetz,Species_eBird,Species_BirdLife,Family_eBird,CommonName_eBird,aveUAI,SciName_MUTI,MUTIscore,SciName_UN,Urban,Family_Sci,Family_English,Coastal,Notes
1,Gampsonyx swainsonii,Gampsonyx swainsonii,Gampsonyx swainsonii,"Accipitridae (Hawks, Eagles, and Kites)",Pearl Kite,1.47324529,NA,NA,NA,NA,Accipitridae,"(Hawks, Eagles, and Kites)",No,dry savanna and woodland
2,Elanus caeruleus,Elanus caeruleus,Elanus caeruleus,"Accipitridae (Hawks, Eagles, and Kites)",Black-winged Kite,1.367172806,NA,NA,NA,NA,Accipitridae,"(Hawks, Eagles, and Kites)",No,savanna and arid steppes
3,Elanus axillaris,Elanus axillaris,Elanus axillaris,"Accipitridae (Hawks, Eagles, and Kites)",Black-shouldered Kite,1.365394618,NA,NA,NA,NA,Accipitridae,"(Hawks, Eagles, and Kites)",Yes,coastal sand dunes
4,Elanus leucurus,Elanus leucurus,Elanus leucurus,"Accipitridae (Hawks, Eagles, and Kites)",White-tailed Kite,1.991073589,NA,NA,NA,NA,Accipitridae,"(Hawks, Eagles, and Kites)",No,grassland
5,Polyboroides typus,Polyboroides typus,Polyboroides typus,"Accipitridae (Hawks, Eagles, and Kites)",African Harrier-Hawk,1.448751249,NA,NA,NA,NA,Accipitridae,"(Hawks, Eagles, and Kites)",No,forest
6,Chondrohierax uncinatus,Chondrohierax uncinatus,Chondrohierax uncinatus,"Accipitridae (Hawks, Eagles, and Kites)",Hook-billed Kite,1.552151596,NA,NA,NA,NA,Accipitridae,"(Hawks, Eagles, and Kites)",Yes,coastal mangroves
7,Leptodon cayanensis,Leptodon cayanensis,Leptodon cayanensis,"Accipitridae (Hawks, Eagles, and Kites)",Gray-headed Kite,0.969572046,NA,NA,NA,NA,Accipitridae,"(Hawks, Eagles, and Kites)",No,no mention of coastal
8,Elanoides forficatus,Elanoides forficatus,Elanoides forficatus,"Accipitridae (Hawks, Eagles, and Kites)",Swallow-tailed Kite,0.815307594,NA,NA,NA,NA,Accipitridae,"(Hawks, Eagles, and Kites)",Yes,coastal plains
9,Lophoictinia isura,Lophoictinia isura,Lophoictinia isura,"Accipitridae (Hawks, Eagles, and Kites)",Square-tailed Kite,0.906312185,NA,NA,NA,NA,Accipitridae,"(Hawks, Eagles, and Kites)",No,no mention of coastal
10,Aviceda jerdoni,Aviceda jerdoni,Aviceda jerdoni,"Accipitridae (Hawks, Eagles, and Kites)",Jerdon's Baza,3.713046242,NA,NA,NA,NA,Accipitridae,"(Hawks, Eagles, and Kites)",Yes,coastal swamp forest
11,Aviceda subcristata,Aviceda subcristata,Aviceda subcristata,"Accipitridae (Hawks, Eagles, and Kites)",Pacific Baza,1.387799132,NA,NA,NA,NA,Accipitridae,"(Hawks, Eagles, and Kites)",Yes,"mangroves, almost always by coast"
12,Aviceda leuphotes,Aviceda leuphotes,Aviceda leuphotes,"Accipitridae (Hawks, Eagles, and Kites)",Black Baza,2.55186238,NA,NA,NA,NA,Accipitridae,"(Hawks, Eagles, and Kites)",Yes,mangroves  
13,Aegypius monachus,Aegypius monachus,Aegypius monachus,"Accipitridae (Hawks, Eagles, and Kites)",Cinereous Vulture,1.417262379,NA,NA,NA,NA,Accipitridae,"(Hawks, Eagles, and Kites)",No,no mention of coastal
14,Necrosyrtes monachus,Necrosyrtes monachus,Necrosyrtes monachus,"Accipitridae (Hawks, Eagles, and Kites)",Hooded Vulture,1.506793588,NA,NA,NA,NA,Accipitridae,"(Hawks, Eagles, and Kites)",Yes,coastal areas
15,Gyps africanus,Gyps africanus,Gyps africanus,"Accipitridae (Hawks, Eagles, and Kites)",White-backed Vulture,1.140660353,NA,NA,NA,NA,Accipitridae,"(Hawks, Eagles, and Kites)",No,no mention of coastal
16,Gyps rueppellii,Gyps rueppelli,Gyps rueppelli,"Accipitridae (Hawks, Eagles, and Kites)",RÃ¼ppell's Griffon,0.660966568,NA,NA,NA,NA,Accipitridae,"(Hawks, Eagles, and Kites)",No,no mention of coastal
17,Gyps fulvus,Gyps fulvus,Gyps fulvus,"Accipitridae (Hawks, Eagles, and Kites)",Eurasian Griffon,0.925677897,NA,NA,NA,NA,Accipitridae,"(Hawks, Eagles, and Kites)",No,no mention of coastal
18,Spilornis elgini,Spilornis elgini,Spilornis elgini,"Accipitridae (Hawks, Eagles, and Kites)",Andaman Serpent-Eagle,0.152434534,NA,NA,NA,NA,Accipitridae,"(Hawks, Eagles, and Kites)",No,mostly inland
19,Circaetus gallicus,Circaetus gallicus,Circaetus gallicus,"Accipitridae (Hawks, Eagles, and Kites)",Short-toed Snake-Eagle,1.171357268,NA,NA,NA,NA,Accipitridae,"(Hawks, Eagles, and Kites)",Yes,mangroves
20,Stephanoaetus coronatus,Stephanoaetus coronatus,Stephanoaetus coronatus,"Accipitridae (Hawks, Eagles, and Kites)",Crowned Eagle,1.372427906,NA,NA,NA,NA,Accipitridae,"(Hawks, Eagles, and Kites)",No,no mention of coastal
21,Nisaetus alboniger,Nisaetus alboniger,Nisaetus alboniger,"Accipitridae (Hawks, Eagles, and Kites)",Blyth's Hawk-Eagle,0.071112097,NA,NA,NA,NA,Accipitridae,"(Hawks, Eagles, and Kites)",No,higher elevation
22,Nisaetus cirrhatus,Nisaetus cirrhatus,Nisaetus cirrhatus,"Accipitridae (Hawks, Eagles, and Kites)",Changeable Hawk-Eagle,1.084974144,NA,NA,NA,NA,Accipitridae,"(Hawks, Eagles, and Kites)",No,no mention of coastal
23,Spizaetus tyrannus,Spizaetus tyrannus,Spizaetus tyrannus,"Accipitridae (Hawks, Eagles, and Kites)",Black Hawk-Eagle,0.776402857,NA,NA,NA,NA,Accipitridae,"(Hawks, Eagles, and Kites)",No,tropical forests
24,Spizaetus ornatus,Spizaetus ornatus,Spizaetus ornatus,"Accipitridae (Hawks, Eagles, and Kites)",Ornate Hawk-Eagle,0.725530997,NA,NA,NA,NA,Accipitridae,"(Hawks, Eagles, and Kites)",No,forest
25,Spizaetus isidori,Spizaetus isidori,Spizaetus isidori,"Accipitridae (Hawks, Eagles, and Kites)",Black-and-chestnut Eagle,0.036454556,NA,NA,NA,NA,Accipitridae,"(Hawks, Eagles, and Kites)",No,higher elevation
26,Ictinaetus malayensis,Ictinaetus malaiensis,Ictinaetus malaiensis,"Accipitridae (Hawks, Eagles, and Kites)",Black Eagle,0.603969485,NA,NA,NA,NA,Accipitridae,"(Hawks, Eagles, and Kites)",No,no mention of coastal
27,Aquila pomarina,Clanga pomarina,Clanga pomarina,"Accipitridae (Hawks, Eagles, and Kites)",Lesser Spotted Eagle,1.800533558,NA,NA,NA,NA,Accipitridae,"(Hawks, Eagles, and Kites)",No,no mention of coastal
28,Aquila hastata,Clanga hastata,Clanga hastata,"Accipitridae (Hawks, Eagles, and Kites)",Indian Spotted Eagle,1.490141911,NA,NA,NA,NA,Accipitridae,"(Hawks, Eagles, and Kites)",No,no mention of coastal
29,Aquila wahlbergi,Hieraaetus wahlbergi,Hieraaetus wahlbergi,"Accipitridae (Hawks, Eagles, and Kites)",Wahlberg's Eagle,0.738571399,NA,NA,NA,NA,Accipitridae,"(Hawks, Eagles, and Kites)",No,no mention of coastal
30,Hieraaetus pennatus,Hieraaetus pennatus,Hieraaetus pennatus,"Accipitridae (Hawks, Eagles, and Kites)",Booted Eagle,1.578710078,NA,NA,NA,NA,Accipitridae,"(Hawks, Eagles, and Kites)",No,no mention of coastal
31,Hieraaetus morphnoides,Hieraaetus morphnoides,Hieraaetus morphnoides,"Accipitridae (Hawks, Eagles, and Kites)",Little Eagle,1.237476805,NA,NA,NA,NA,Accipitridae,"(Hawks, Eagles, and Kites)",No,no mention of coastal
32,Aquila adalberti,Aquila adalberti,Aquila adalberti,"Accipitridae (Hawks, Eagles, and Kites)",Spanish Eagle,1.135287727,NA,NA,NA,NA,Accipitridae,"(Hawks, Eagles, and Kites)",No,no mention of coastal
33,Aquila heliaca,Aquila heliaca,Aquila heliaca,"Accipitridae (Hawks, Eagles, and Kites)",Imperial Eagle,1.216922654,NA,NA,NA,NA,Accipitridae,"(Hawks, Eagles, and Kites)",No,no mention of coastal
34,Aquila chrysaetos,Aquila chrysaetos,Aquila chrysaetos,"Accipitridae (Hawks, Eagles, and Kites)",Golden Eagle,0.833531358,NA,NA,NA,NA,Accipitridae,"(Hawks, Eagles, and Kites)",Yes,coastlines
35,Aquila audax,Aquila audax,Aquila audax,"Accipitridae (Hawks, Eagles, and Kites)",Wedge-tailed Eagle,0.542604742,NA,NA,NA,NA,Accipitridae,"(Hawks, Eagles, and Kites)",No,no mention of coastal
36,Aquila verreauxii,Aquila verreauxii,Aquila verreauxii,"Accipitridae (Hawks, Eagles, and Kites)",Verreaux's Eagle,1.211401318,NA,NA,NA,NA,Accipitridae,"(Hawks, Eagles, and Kites)",No,no mention of coastal
37,Aquila fasciatus,Aquila fasciata,Aquila fasciata,"Accipitridae (Hawks, Eagles, and Kites)",Bonelli's Eagle,1.12587868,NA,NA,NA,NA,Accipitridae,"(Hawks, Eagles, and Kites)",No,no mention of coastal
38,Kaupifalco monogrammicus,Kaupifalco monogrammicus,Kaupifalco monogrammicus,"Accipitridae (Hawks, Eagles, and Kites)",Lizard Buzzard,0.97753818,NA,NA,NA,NA,Accipitridae,"(Hawks, Eagles, and Kites)",No,no mention of coastal
39,Rostrhamus sociabilis,Rostrhamus sociabilis,Rostrhamus sociabilis,"Accipitridae (Hawks, Eagles, and Kites)",Snail Kite,1.911208052,NA,NA,NA,NA,Accipitridae,"(Hawks, Eagles, and Kites)",No,freshwater
40,Harpagus bidentatus,Harpagus bidentatus,Harpagus bidentatus,"Accipitridae (Hawks, Eagles, and Kites)",Double-toothed Kite,0.538923706,NA,NA,NA,NA,Accipitridae,"(Hawks, Eagles, and Kites)",No,no mention of coastal
41,Ictinia mississippiensis,Ictinia mississippiensis,Ictinia mississippiensis,"Accipitridae (Hawks, Eagles, and Kites)",Mississippi Kite,2.189587003,Ictinia mississippiensis,0.857122733,NA,NA,Accipitridae,"(Hawks, Eagles, and Kites)",No,woodlands
42,Ictinia plumbea,Ictinia plumbea,Ictinia plumbea,"Accipitridae (Hawks, Eagles, and Kites)",Plumbeous Kite,0.525436588,NA,NA,NA,NA,Accipitridae,"(Hawks, Eagles, and Kites)",No,no mention of coastal
43,Butastur teesa,Butastur teesa,Butastur teesa,"Accipitridae (Hawks, Eagles, and Kites)",White-eyed Buzzard,1.231746797,NA,NA,NA,NA,Accipitridae,"(Hawks, Eagles, and Kites)",No,no mention of coastal
44,Butastur indicus,Butastur indicus,Butastur indicus,"Accipitridae (Hawks, Eagles, and Kites)",Gray-faced Buzzard,1.667152406,NA,NA,NA,NA,Accipitridae,"(Hawks, Eagles, and Kites)",Yes,migrate along coast of Japan 
45,Circus ranivorus,Circus ranivorus,Circus ranivorus,"Accipitridae (Hawks, Eagles, and Kites)",African Marsh-Harrier,0.779258739,NA,NA,NA,NA,Accipitridae,"(Hawks, Eagles, and Kites)",No,no mention of coastal
46,Circus buffoni,Circus buffoni,Circus buffoni,"Accipitridae (Hawks, Eagles, and Kites)",Long-winged Harrier,1.645763346,NA,NA,NA,NA,Accipitridae,"(Hawks, Eagles, and Kites)",No,no mention of coastal
47,Circus assimilis,Circus assimilis,Circus assimilis,"Accipitridae (Hawks, Eagles, and Kites)",Spotted Harrier,0.77673743,NA,NA,NA,NA,Accipitridae,"(Hawks, Eagles, and Kites)",Yes,coastal flats
48,Circus maurus,Circus maurus,Circus maurus,"Accipitridae (Hawks, Eagles, and Kites)",Black Harrier,0.473010796,NA,NA,NA,NA,Accipitridae,"(Hawks, Eagles, and Kites)",Yes,coastal dunes
49,Circus cinereus,Circus cinereus,Circus cinereus,"Accipitridae (Hawks, Eagles, and Kites)",Cinereous Harrier,0.688014712,NA,NA,NA,NA,Accipitridae,"(Hawks, Eagles, and Kites)",Yes,coastal marshes
50,Circus cyaneus,Circus cyaneus,Circus cyaneus,"Accipitridae (Hawks, Eagles, and Kites)",Hen Harrier,0.836440845,NA,NA,NA,NA,Accipitridae,"(Hawks, Eagles, and Kites)",No,no mention of coastal
51,Circus cyaneus,Circus hudsonius,Circus hudsonius,"Accipitridae (Hawks, Eagles, and Kites)",Northern Harrier,1.013043303,Circus hudsonius,-1.356633429,NA,NA,Accipitridae,"(Hawks, Eagles, and Kites)",Yes,coastal dunes
52,Circus macrourus,Circus macrourus,Circus macrourus,"Accipitridae (Hawks, Eagles, and Kites)",Pallid Harrier,1.054599529,NA,NA,NA,NA,Accipitridae,"(Hawks, Eagles, and Kites)",No,no mention of coastal
53,Circus melanoleucos,Circus melanoleucos,Circus melanoleucos,"Accipitridae (Hawks, Eagles, and Kites)",Pied Harrier,1.032935077,NA,NA,NA,NA,Accipitridae,"(Hawks, Eagles, and Kites)",No,no mention of coastal
54,Circus pygargus,Circus pygargus,Circus pygargus,"Accipitridae (Hawks, Eagles, and Kites)",Montagu's Harrier,0.659669215,NA,NA,NA,NA,Accipitridae,"(Hawks, Eagles, and Kites)",No,no mention of coastal
55,Accipiter trivirgatus,Accipiter trivirgatus,Accipiter trivirgatus,"Accipitridae (Hawks, Eagles, and Kites)",Crested Goshawk,2.85972743,NA,NA,NA,NA,Accipitridae,"(Hawks, Eagles, and Kites)",No,no mention of coastal
56,Accipiter tachiro,Accipiter tachiro,Accipiter tachiro,"Accipitridae (Hawks, Eagles, and Kites)",African Goshawk,1.670355626,NA,NA,NA,NA,Accipitridae,"(Hawks, Eagles, and Kites)",Yes,mangroves
57,Accipiter badius,Accipiter badius,Accipiter badius,"Accipitridae (Hawks, Eagles, and Kites)",Shikra,2.070468576,NA,NA,Accipiter badius,U,Accipitridae,"(Hawks, Eagles, and Kites)",No,no mention of coastal
58,Accipiter brevipes,Accipiter brevipes,Accipiter brevipes,"Accipitridae (Hawks, Eagles, and Kites)",Levant Sparrowhawk,2.961498189,NA,NA,NA,NA,Accipitridae,"(Hawks, Eagles, and Kites)",No,no mention of coastal
59,Accipiter soloensis,Accipiter soloensis,Accipiter soloensis,"Accipitridae (Hawks, Eagles, and Kites)",Chinese Sparrowhawk,2.137403461,NA,NA,NA,NA,Accipitridae,"(Hawks, Eagles, and Kites)",No,no mention of coastal
60,Accipiter novaehollandiae,Accipiter novaehollandiae,Accipiter novaehollandiae,"Accipitridae (Hawks, Eagles, and Kites)",Gray Goshawk,1.31573487,NA,NA,Accipiter novaehollandiae,N,Accipitridae,"(Hawks, Eagles, and Kites)",No,no mention of coastal
61,Accipiter fasciatus,Accipiter fasciatus,Accipiter fasciatus,"Accipitridae (Hawks, Eagles, and Kites)",Brown Goshawk,1.47249812,NA,NA,Accipiter fasciatus,U,Accipitridae,"(Hawks, Eagles, and Kites)",No,no mention of coastal
62,Accipiter gularis,Accipiter gularis,Accipiter gularis,"Accipitridae (Hawks, Eagles, and Kites)",Japanese Sparrowhawk,2.472802841,NA,NA,NA,NA,Accipitridae,"(Hawks, Eagles, and Kites)",No,no mention of coastal
63,Accipiter virgatus,Accipiter virgatus,Accipiter virgatus,"Accipitridae (Hawks, Eagles, and Kites)",Besra,2.076683786,NA,NA,NA,NA,Accipitridae,"(Hawks, Eagles, and Kites)",Yes,mangroves
64,Accipiter cirrocephalus,Accipiter cirrocephalus,Accipiter cirrocephalus,"Accipitridae (Hawks, Eagles, and Kites)",Collared Sparrowhawk,1.43878721,NA,NA,Accipiter cirrocephalus,U,Accipitridae,"(Hawks, Eagles, and Kites)",No,no mention of coastal
65,Accipiter ovampensis,Accipiter ovampensis,Accipiter ovampensis,"Accipitridae (Hawks, Eagles, and Kites)",Ovambo Sparrowhawk,2.474986509,NA,NA,NA,NA,Accipitridae,"(Hawks, Eagles, and Kites)",No,no mention of coastal
66,Accipiter nisus,Accipiter nisus,Accipiter nisus,"Accipitridae (Hawks, Eagles, and Kites)",Eurasian Sparrowhawk,1.854832984,NA,NA,NA,NA,Accipitridae,"(Hawks, Eagles, and Kites)",No,no mention of coastal
67,Accipiter rufiventris,Accipiter rufiventris,Accipiter rufiventris,"Accipitridae (Hawks, Eagles, and Kites)",Rufous-breasted Sparrowhawk,1.908618481,NA,NA,NA,NA,Accipitridae,"(Hawks, Eagles, and Kites)",No,no mention of coastal
68,Accipiter striatus,Accipiter striatus,Accipiter striatus,"Accipitridae (Hawks, Eagles, and Kites)",Sharp-shinned Hawk,1.822389331,NA,NA,Accipiter striatus,N,Accipitridae,"(Hawks, Eagles, and Kites)",No,no mention of coastal
69,Accipiter cooperii,Accipiter cooperii,Accipiter cooperii,"Accipitridae (Hawks, Eagles, and Kites)",Cooper's Hawk,2.222871741,Accipiter cooperii,2.61478251,Accipiter cooperii,U,Accipitridae,"(Hawks, Eagles, and Kites)",No,no mention of coastal
70,Accipiter bicolor,Accipiter bicolor,Accipiter bicolor,"Accipitridae (Hawks, Eagles, and Kites)",Bicolored Hawk,0.643384159,NA,NA,NA,NA,Accipitridae,"(Hawks, Eagles, and Kites)",No,no mention of coastal
71,Accipiter melanoleucus,Accipiter melanoleucus,Accipiter melanoleucus,"Accipitridae (Hawks, Eagles, and Kites)",Black Goshawk,2.064683248,NA,NA,NA,NA,Accipitridae,"(Hawks, Eagles, and Kites)",No,no mention of coastal
72,Accipiter gentilis,Accipiter gentilis,Accipiter gentilis,"Accipitridae (Hawks, Eagles, and Kites)",Northern Goshawk,1.653420419,NA,NA,NA,NA,Accipitridae,"(Hawks, Eagles, and Kites)",No,no mention of coastal
73,Milvus milvus,Milvus milvus,Milvus milvus,"Accipitridae (Hawks, Eagles, and Kites)",Red Kite,0.719705747,NA,NA,NA,NA,Accipitridae,"(Hawks, Eagles, and Kites)",No,no mention of coastal
74,Geranospiza caerulescens,Geranospiza caerulescens,Geranospiza caerulescens,"Accipitridae (Hawks, Eagles, and Kites)",Crane Hawk,0.961202586,NA,NA,NA,NA,Accipitridae,"(Hawks, Eagles, and Kites)",Yes,mangroves
75,Leucopternis schistaceus,Buteogallus schistaceus,Buteogallus schistaceus,"Accipitridae (Hawks, Eagles, and Kites)",Slate-colored Hawk,0.133639637,NA,NA,NA,NA,Accipitridae,"(Hawks, Eagles, and Kites)",Yes,mangroves
76,Buteogallus aequinoctialis,Buteogallus aequinoctialis,Buteogallus aequinoctialis,"Accipitridae (Hawks, Eagles, and Kites)",Rufous Crab Hawk,1.377700612,NA,NA,NA,NA,Accipitridae,"(Hawks, Eagles, and Kites)",Yes,only on coasts
77,Buteo magnirostris,Rupornis magnirostris,Rupornis magnirostris,"Accipitridae (Hawks, Eagles, and Kites)",Roadside Hawk,1.717914126,NA,NA,NA,NA,Accipitridae,"(Hawks, Eagles, and Kites)",No,no mention of coastal
78,Parabuteo unicinctus,Parabuteo unicinctus,Parabuteo unicinctus,"Accipitridae (Hawks, Eagles, and Kites)",Harris's Hawk,2.241553952,NA,NA,NA,NA,Accipitridae,"(Hawks, Eagles, and Kites)",No,no mention of coastal
79,Buteo albicaudatus,Geranoaetus albicaudatus,Geranoaetus albicaudatus,"Accipitridae (Hawks, Eagles, and Kites)",White-tailed Hawk,1.34629837,NA,NA,Buteo albicaudatus,N,Accipitridae,"(Hawks, Eagles, and Kites)",No,no mention of coastal
80,Buteo polyosoma,Geranoaetus polyosoma,Geranoaetus polyosoma,"Accipitridae (Hawks, Eagles, and Kites)",Variable Hawk,0.650181444,NA,NA,NA,NA,Accipitridae,"(Hawks, Eagles, and Kites)",Yes,coastal areas
81,Geranoaetus melanoleucus,Geranoaetus melanoleucus,Geranoaetus melanoleucus,"Accipitridae (Hawks, Eagles, and Kites)",Black-chested Buzzard-Eagle,0.628033581,NA,NA,NA,NA,Accipitridae,"(Hawks, Eagles, and Kites)",No,open country
82,Leucopternis occidentalis,Pseudastur occidentalis,Pseudastur occidentalis,"Accipitridae (Hawks, Eagles, and Kites)",Gray-backed Hawk,0.870689572,NA,NA,NA,NA,Accipitridae,"(Hawks, Eagles, and Kites)",No,higher elevation
83,Leucopternis semiplumbeus,Leucopternis semiplumbeus,Leucopternis semiplumbeus,"Accipitridae (Hawks, Eagles, and Kites)",Semiplumbeous Hawk,0.227773183,NA,NA,NA,NA,Accipitridae,"(Hawks, Eagles, and Kites)",No,no mention of coastal
84,Buteo nitidus,Buteo plagiatus,Buteo plagiatus,"Accipitridae (Hawks, Eagles, and Kites)",Gray Hawk,0.944008628,Buteo plagiatus,-0.792688966,NA,NA,Accipitridae,"(Hawks, Eagles, and Kites)",No,no mention of coastal
85,Buteo nitidus,Buteo nitidus,Buteo nitidus,"Accipitridae (Hawks, Eagles, and Kites)",Gray-lined Hawk,1.822131315,NA,NA,NA,NA,Accipitridae,"(Hawks, Eagles, and Kites)",No,no mention of coastal
86,Buteo lineatus,Buteo lineatus,Buteo lineatus,"Accipitridae (Hawks, Eagles, and Kites)",Red-shouldered Hawk,1.670350483,Buteo lineatus,1.37136443,Buteo lineatus,U,Accipitridae,"(Hawks, Eagles, and Kites)",No,no mention of coastal
87,Buteo ridgwayi,Buteo ridgwayi,Buteo ridgwayi,"Accipitridae (Hawks, Eagles, and Kites)",Ridgway's Hawk,0.026779846,NA,NA,NA,NA,Accipitridae,"(Hawks, Eagles, and Kites)",No,no mention of coastal
88,Buteo platypterus,Buteo platypterus,Buteo platypterus,"Accipitridae (Hawks, Eagles, and Kites)",Broad-winged Hawk,1.543754105,Buteo platypterus,-0.733911548,Buteo platypterus,N,Accipitridae,"(Hawks, Eagles, and Kites)",No,no mention of coastal
89,Buteo brachyurus,Buteo brachyurus,Buteo brachyurus,"Accipitridae (Hawks, Eagles, and Kites)",Short-tailed Hawk,1.554134227,NA,NA,NA,NA,Accipitridae,"(Hawks, Eagles, and Kites)",Yes,mangroves and tidal marshes (overwinter)
90,Buteo albigula,Buteo albigula,Buteo albigula,"Accipitridae (Hawks, Eagles, and Kites)",White-throated Hawk,0.260708445,NA,NA,NA,NA,Accipitridae,"(Hawks, Eagles, and Kites)",No,no mention of coastal
91,Buteo swainsoni,Buteo swainsoni,Buteo swainsoni,"Accipitridae (Hawks, Eagles, and Kites)",Swainson's Hawk,1.505416308,Buteo swainsoni,0.122082355,Buteo swainsoni,U,Accipitridae,"(Hawks, Eagles, and Kites)",Yes,salt marshes
92,Buteo albonotatus,Buteo albonotatus,Buteo albonotatus,"Accipitridae (Hawks, Eagles, and Kites)",Zone-tailed Hawk,1.48336823,Buteo albonotatus,-1.676962755,Buteo albonotatus,N,Accipitridae,"(Hawks, Eagles, and Kites)",Yes,coastal plains
93,Buteo jamaicensis,Buteo jamaicensis,Buteo jamaicensis,"Accipitridae (Hawks, Eagles, and Kites)",Red-tailed Hawk,1.406946805,Buteo jamaicensis,1.229218034,Buteo jamaicensis,U,Accipitridae,"(Hawks, Eagles, and Kites)",Yes,coastlines
94,Buteo regalis,Buteo regalis,Buteo regalis,"Accipitridae (Hawks, Eagles, and Kites)",Ferruginous Hawk,0.863435187,Buteo regalis,-1.688411843,Buteo regalis,N,Accipitridae,"(Hawks, Eagles, and Kites)",No,no mention of coastal
95,Buteo buteo,Buteo buteo,Buteo buteo,"Accipitridae (Hawks, Eagles, and Kites)",Common Buzzard,1.225068333,NA,NA,Buteo buteo,U,Accipitridae,"(Hawks, Eagles, and Kites)",No,no mention of coastal
96,Buteo buteo,Buteo japonicus,Buteo japonicus,"Accipitridae (Hawks, Eagles, and Kites)",Eastern Buzzard,2.154047552,NA,NA,NA,NA,Accipitridae,"(Hawks, Eagles, and Kites)",No,no mention of coastal
97,Buteo brachypterus,Buteo brachypterus,Buteo brachypterus,"Accipitridae (Hawks, Eagles, and Kites)",Madagascar Buzzard,0.050486367,NA,NA,NA,NA,Accipitridae,"(Hawks, Eagles, and Kites)",No,no mention of coastal
98,Buteo rufinus,Buteo rufinus,Buteo rufinus,"Accipitridae (Hawks, Eagles, and Kites)",Long-legged Buzzard,1.23005876,NA,NA,NA,NA,Accipitridae,"(Hawks, Eagles, and Kites)",Yes,breeds along coast
99,Buteo augur,Buteo augur,Buteo augur,"Accipitridae (Hawks, Eagles, and Kites)",Augur Buzzard,1.161365582,NA,NA,NA,NA,Accipitridae,"(Hawks, Eagles, and Kites)",No,no mention of coastal
100,Buteo rufofuscus,Buteo rufofuscus,Buteo rufofuscus,"Accipitridae (Hawks, Eagles, and Kites)",Jackal Buzzard,0.92270469,NA,NA,NA,NA,Accipitridae,"(Hawks, Eagles, and Kites)",No,no explicit mention of coasta
101,Actenoides lindsayi,Actenoides lindsayi,Actenoides lindsayi,Alcedinidae (Kingfishers),Spotted Kingfisher,0.87544104,NA,NA,NA,NA,Alcedinidae,(Kingfishers),No,no mention of coastal
102,Chloephaga poliocephala,Chloephaga poliocephala,Chloephaga poliocephala,"Anatidae (Ducks, Geese, and Waterfowl)",Ashy-headed Goose,1.259010221,NA,NA,NA,NA,Anatidae,"(Ducks, Geese, and Waterfowl)",Yes,sea coasts
103,Burhinus oedicnemus,Burhinus oedicnemus,Burhinus oedicnemus,Burhinidae (Thick-knees),Eurasian Thick-knee,1.394750992,NA,NA,Burhinus oedicnemus,N,Burhinidae,(Thick-knees),Yes,coastal dunes
104,Burhinus oedicnemus,Burhinus indicus,Burhinus indicus,Burhinidae (Thick-knees),Indian Thick-knee,2.0999885,NA,NA,NA,NA,Burhinidae,(Thick-knees),No,dry forests
105,Burhinus capensis,Burhinus capensis,Burhinus capensis,Burhinidae (Thick-knees),Spotted Thick-knee,2.351602704,NA,NA,NA,NA,Burhinidae,(Thick-knees),Yes,beaches
106,Burhinus bistriatus,Burhinus bistriatus,Burhinus bistriatus,Burhinidae (Thick-knees),Double-striped Thick-knee,0.576115441,NA,NA,NA,NA,Burhinidae,(Thick-knees),Yes,coastal plains and salt marshes
107,Burhinus superciliaris,Burhinus superciliaris,Burhinus superciliaris,Burhinidae (Thick-knees),Peruvian Thick-knee,1.243831695,NA,NA,NA,NA,Burhinidae,(Thick-knees),Yes,restricted to coastal hills
108,Burhinus grallarius,Burhinus grallarius,Burhinus grallarius,Burhinidae (Thick-knees),Bush Thick-knee,1.848885256,NA,NA,Burhinus grallarius,U,Burhinidae,(Thick-knees),Yes,mangroves and saltmarsh
109,Gymnogyps californianus,Gymnogyps californianus,Gymnogyps californianus,Cathartidae (New World Vultures),California Condor,NA,Gymnogyps californianus,-2.012193751,NA,NA,Cathartidae,(New World Vultures),Yes,beaches
110,Vultur gryphus,Vultur gryphus,Vultur gryphus,Cathartidae (New World Vultures),Andean Condor,0.321418065,NA,NA,NA,NA,Cathartidae,(New World Vultures),Yes,forage along shoreline 
111,Sarcoramphus papa,Sarcoramphus papa,Sarcoramphus papa,Cathartidae (New World Vultures),King Vulture,0.215717289,NA,NA,NA,NA,Cathartidae,(New World Vultures),Yes,coastal grassland
112,Cathartes aura,Cathartes aura,Cathartes aura,Cathartidae (New World Vultures),Turkey Vulture,1.405658159,Cathartes aura,0.911774813,NA,NA,Cathartidae,(New World Vultures),Yes,shorelines
113,Cathartes burrovianus,Cathartes burrovianus,Cathartes burrovianus,Cathartidae (New World Vultures),Lesser Yellow-headed Vulture,1.855225173,NA,NA,NA,NA,Cathartidae,(New World Vultures),Yes,mangroves
114,Cathartes melambrotus,Cathartes melambrotus,Cathartes melambrotus,Cathartidae (New World Vultures),Greater Yellow-headed Vulture,0.667125257,NA,NA,NA,NA,Cathartidae,(New World Vultures),Yes,coastal palm swamp
115,Pluvialis squatarola,Pluvialis squatarola,Pluvialis squatarola,Charadriidae (Plovers and Lapwings),Black-bellied Plover,1.495897414,NA,NA,NA,NA,Charadriidae,(Plovers and Lapwings),Yes,beaches and mudflats
116,Pluvialis apricaria,Pluvialis apricaria,Pluvialis apricaria,Charadriidae (Plovers and Lapwings),European Golden-Plover,1.26727354,NA,NA,NA,NA,Charadriidae,(Plovers and Lapwings),Yes,estuaries
117,Pluvialis dominica,Pluvialis dominica,Pluvialis dominica,Charadriidae (Plovers and Lapwings),American Golden-Plover,1.209247746,NA,NA,NA,NA,Charadriidae,(Plovers and Lapwings),Yes,coastal habitats
118,Pluvialis fulva,Pluvialis fulva,Pluvialis fulva,Charadriidae (Plovers and Lapwings),Pacific Golden-Plover,1.341100179,NA,NA,NA,NA,Charadriidae,(Plovers and Lapwings),Yes,shorelines
119,Vanellus vanellus,Vanellus vanellus,Vanellus vanellus,Charadriidae (Plovers and Lapwings),Northern Lapwing,0.937490545,NA,NA,Vanellus vanellus,U,Charadriidae,(Plovers and Lapwings),No,no mention of coastal
120,Vanellus malarbaricus,Vanellus malabaricus,Vanellus malabaricus,Charadriidae (Plovers and Lapwings),Yellow-wattled Lapwing,1.321896395,NA,NA,NA,NA,Charadriidae,(Plovers and Lapwings),No,no mention of coastal
121,Vanellus coronatus,Vanellus coronatus,Vanellus coronatus,Charadriidae (Plovers and Lapwings),Crowned Lapwing,1.490592795,NA,NA,NA,NA,Charadriidae,(Plovers and Lapwings),No,no mention of coastal
122,Vanellus senegallus,Vanellus senegallus,Vanellus senegallus,Charadriidae (Plovers and Lapwings),Wattled Lapwing,2.477567283,NA,NA,NA,NA,Charadriidae,(Plovers and Lapwings),No,no mention of coastal
123,Vanellus cinereus,Vanellus cinereus,Vanellus cinereus,Charadriidae (Plovers and Lapwings),Gray-headed Lapwing,2.096251173,NA,NA,NA,NA,Charadriidae,(Plovers and Lapwings),No,no mention of coastal
124,Vanellus indicus,Vanellus indicus,Vanellus indicus,Charadriidae (Plovers and Lapwings),Red-wattled Lapwing,1.630362281,NA,NA,Vanellus indicus,U,Charadriidae,(Plovers and Lapwings),Yes,brackish water
125,Vanellus tricolor,Vanellus tricolor,Vanellus tricolor,Charadriidae (Plovers and Lapwings),Banded Lapwing,NA,NA,NA,Vanellus tricolor,U,Charadriidae,(Plovers and Lapwings),Yes,along coast
126,Vanellus miles,Vanellus miles,Vanellus miles,Charadriidae (Plovers and Lapwings),Masked Lapwing,1.511753381,NA,NA,Vanellus miles,U,Charadriidae,(Plovers and Lapwings),Yes,sheltered coastal areas
127,Vanellus resplendens,Vanellus resplendens,Vanellus resplendens,Charadriidae (Plovers and Lapwings),Andean Lapwing,0.383963039,NA,NA,NA,NA,Charadriidae,(Plovers and Lapwings),No,avoids saline water
128,Charadrius leschenaultii,Charadrius leschenaultii,Charadrius leschenaultii,Charadriidae (Plovers and Lapwings),Greater Sand-Plover,1.148637265,NA,NA,Charadrius leschenaultii,N,Charadriidae,(Plovers and Lapwings),Yes,sometimes on coast
129,Charadrius hiaticula,Charadrius hiaticula,Charadrius hiaticula,Charadriidae (Plovers and Lapwings),Common Ringed Plover,1.695980437,NA,NA,Charadrius hiaticula,U,Charadriidae,(Plovers and Lapwings),Yes,estuaries and other coastal habitats
130,Charadrius semipalmatus,Charadrius semipalmatus,Charadrius semipalmatus,Charadriidae (Plovers and Lapwings),Semipalmated Plover,1.417777238,NA,NA,Charadrius semipalmatus,N,Charadriidae,(Plovers and Lapwings),Yes,shorelines
131,Charadrius vociferus,Charadrius vociferus,Charadrius vociferus,Charadriidae (Plovers and Lapwings),Killdeer,1.597917689,Charadrius vociferus,1.751377692,Charadrius vociferus,U,Charadriidae,(Plovers and Lapwings),Yes,shorelines
132,Charadrius veredus,Charadrius veredus,Charadrius veredus,Charadriidae (Plovers and Lapwings),Oriental Plover,NA,NA,NA,Charadrius veredus,U,Charadriidae,(Plovers and Lapwings),Yes,beaches
133,Charadrius modestus,Charadrius modestus,Charadrius modestus,Charadriidae (Plovers and Lapwings),Rufous-chested Dotterel,0.978070478,NA,NA,NA,NA,Charadriidae,(Plovers and Lapwings),Yes,beaches
134,Thinornis rubricollis,Thinornis cucullatus,Thinornis cucullatus,Charadriidae (Plovers and Lapwings),Hooded Plover,0.356058521,NA,NA,NA,NA,Charadriidae,(Plovers and Lapwings),Yes,coastal lagoons 
135,Thinornis novaeseelandiae,Thinornis novaeseelandiae,Thinornis novaeseelandiae,Charadriidae (Plovers and Lapwings),Shore Plover,0.088743361,NA,NA,NA,NA,Charadriidae,(Plovers and Lapwings),Yes,beaches
136,Coccyzus minor,Coccyzus minor,Coccyzus minor,Cuculidae (Cuckoos),Mangrove Cuckoo,1.238939655,NA,NA,Coccyzus minor,N,Cuculidae,(Cuckoos),Yes,mangroves
137,Herpetotheres cachinnans,Herpetotheres cachinnans,Herpetotheres cachinnans,Falconidae (Falcons and Caracaras),Laughing Falcon,0.811707787,NA,NA,NA,NA,Falconidae,(Falcons and Caracaras),No,no mention of coastal
138,Spiziapteryx circumcincta,Spiziapteryx circumcincta,Spiziapteryx circumcincta,Falconidae (Falcons and Caracaras),Spot-winged Falconet,0.560130831,NA,NA,NA,NA,Falconidae,(Falcons and Caracaras),No,no mention of coastal
139,Caracara plancus,Caracara plancus,Caracara plancus,Falconidae (Falcons and Caracaras),Crested Caracara,1.571472057,NA,NA,NA,NA,Falconidae,(Falcons and Caracaras),Yes,coastal grasslands and beaches
140,Ibycter americanus,Ibycter americanus,Ibycter americanus,Falconidae (Falcons and Caracaras),Red-throated Caracara,0.015353959,NA,NA,NA,NA,Falconidae,(Falcons and Caracaras),No,no mention of coastal
141,Microhierax erythrogenys,Microhierax erythrogenys,Microhierax erythrogenys,Falconidae (Falcons and Caracaras),Philippine Falconet,0.792732522,NA,NA,NA,NA,Falconidae,(Falcons and Caracaras),No,no mention of coastal
142,Falco naumanni,Falco naumanni,Falco naumanni,Falconidae (Falcons and Caracaras),Lesser Kestrel,1.642719677,NA,NA,Falco naumanni,U,Falconidae,(Falcons and Caracaras),No,no mention of coastal
143,Falco tinnunculus,Falco tinnunculus,Falco tinnunculus,Falconidae (Falcons and Caracaras),Eurasian Kestrel,1.675649945,NA,NA,Falco tinnunculus,U,Falconidae,(Falcons and Caracaras),Yes,winter in coastal areas
144,Falco tinnunculus,Falco rupicolus,Falco tinnunculus,Falconidae (Falcons and Caracaras),Rock Kestrel,1.053777966,NA,NA,NA,NA,Falconidae,(Falcons and Caracaras),Yes,winter in coastal areas
145,Falco newtoni,Falco newtoni,Falco newtoni,Falconidae (Falcons and Caracaras),Malagasy Kestrel,1.618325901,NA,NA,NA,NA,Falconidae,(Falcons and Caracaras),No,no mention of coastal
146,Falco cenchroides,Falco cenchroides,Falco cenchroides,Falconidae (Falcons and Caracaras),Nankeen Kestrel,1.106892467,NA,NA,Falco cenchroides,U,Falconidae,(Falcons and Caracaras),Yes,winter in coastal areas
147,Falco sparverius,Falco sparverius,Falco sparverius,Falconidae (Falcons and Caracaras),American Kestrel,1.535513151,Falco sparverius,0.697136296,Falco sparverius,U,Falconidae,(Falcons and Caracaras),No,no mention of coastal
148,Falco chicquera,Falco chicquera,Falco chicquera,Falconidae (Falcons and Caracaras),Red-necked Falcon,1.330076126,NA,NA,NA,NA,Falconidae,(Falcons and Caracaras),Yes,coastal plains
149,Falco amurensis,Falco amurensis,Falco amurensis,Falconidae (Falcons and Caracaras),Amur Falcon,1.792247146,NA,NA,NA,NA,Falconidae,(Falcons and Caracaras),Yes,trans-ocean flights but no mention of COASTS
150,Falco columbarius,Falco columbarius,Falco columbarius,Falconidae (Falcons and Caracaras),Merlin,1.832785331,Falco columbarius,0.512835804,Falco columbarius,U,Falconidae,(Falcons and Caracaras),Yes,tidal flats and marshes (hunts shorebirds)
151,Falco subbuteo,Falco subbuteo,Falco subbuteo,Falconidae (Falcons and Caracaras),Eurasian Hobby,1.346661295,NA,NA,NA,NA,Falconidae,(Falcons and Caracaras),No,no mention of coastal
152,Falco cuvierii,Falco cuvierii,Falco cuvierii,Falconidae (Falcons and Caracaras),African Hobby,1.536131581,NA,NA,NA,NA,Falconidae,(Falcons and Caracaras),No,no mention of coastal
153,Falco longipennis,Falco longipennis,Falco longipennis,Falconidae (Falcons and Caracaras),Australian Hobby,1.561377136,NA,NA,NA,NA,Falconidae,(Falcons and Caracaras),Yes,winters in coastal areas
154,Falco novaeseelandiae,Falco novaeseelandiae,Falco novaeseelandiae,Falconidae (Falcons and Caracaras),New Zealand Falcon,0.416801126,NA,NA,NA,NA,Falconidae,(Falcons and Caracaras),No,no mention of coastal
155,Falco berigora,Falco berigora,Falco berigora,Falconidae (Falcons and Caracaras),Brown Falcon,0.555342499,NA,NA,Falco berigora,N,Falconidae,(Falcons and Caracaras),No,no mention of coastal
156,Falco femoralis,Falco femoralis,Falco femoralis,Falconidae (Falcons and Caracaras),Aplomado Falcon,2.036616891,NA,NA,NA,NA,Falconidae,(Falcons and Caracaras),Yes,various coastal habitats
157,Falco peregrinus,Falco peregrinus,Falco peregrinus,Falconidae (Falcons and Caracaras),Peregrine Falcon,1.974832947,NA,NA,Falco peregrinus,U,Falconidae,(Falcons and Caracaras),Yes,coastal beaches
158,Haematopus unicolor,Haematopus unicolor,Haematopus unicolor,Haematopodidae (Oystercatchers),Variable Oystercatcher,0.495328388,NA,NA,NA,NA,Haematopodidae,(Oystercatchers),Yes,coastal habitats
159,Haematopus palliatus,Haematopus palliatus,Haematopus palliatus,Haematopodidae (Oystercatchers),American Oystercatcher,1.313688347,Haematopus palliatus,0.57896292,NA,NA,Haematopodidae,(Oystercatchers),Yes,coastal habitats
160,Haematopus moquini,Haematopus moquini,Haematopus moquini,Haematopodidae (Oystercatchers),African Oystercatcher,1.433498153,NA,NA,NA,NA,Haematopodidae,(Oystercatchers),Yes,coastal habitats
161,Haematopus ater,Haematopus ater,Haematopus ater,Haematopodidae (Oystercatchers),Blackish Oystercatcher,1.36573677,NA,NA,NA,NA,Haematopodidae,(Oystercatchers),Yes,coastal habitats
162,Haematopus leucopodus,Haematopus leucopodus,Haematopus leucopodus,Haematopodidae (Oystercatchers),Magellanic Oystercatcher,1.068706593,NA,NA,NA,NA,Haematopodidae,(Oystercatchers),Yes,coastal habitats
163,Numenius minutus,Numenius minutus,Numenius minutus,Scolopacidae (Sandpipers and Allies),Little Curlew,NA,NA,NA,Numenius minutus,U,Scolopacidae,(Sandpipers and Allies),Yes,rare on coast
164,Arenaria interpres,Arenaria interpres,Arenaria interpres,Scolopacidae (Sandpipers and Allies),Ruddy Turnstone,1.538395246,NA,NA,NA,NA,Scolopacidae,(Sandpipers and Allies),Yes,coastal habitats
165,Arenaria melanocephala,Arenaria melanocephala,Arenaria melanocephala,Scolopacidae (Sandpipers and Allies),Black Turnstone,2.156878335,NA,NA,NA,NA,Scolopacidae,(Sandpipers and Allies),Yes,coastal habitats
166,Calidris tenuirostris,Calidris tenuirostris,Calidris tenuirostris,Scolopacidae (Sandpipers and Allies),Great Knot,1.414995441,NA,NA,Calidris tenuirostris,N,Scolopacidae,(Sandpipers and Allies),Yes,coastal habitats
167,Aphriza virgata,Calidris virgata,Calidris virgata,Scolopacidae (Sandpipers and Allies),Surfbird,2.150009707,NA,NA,NA,NA,Scolopacidae,(Sandpipers and Allies),Yes,coastal habitats
168,Tryngites subruficollis,Calidris subruficollis,Calidris subruficollis,Scolopacidae (Sandpipers and Allies),Buff-breasted Sandpiper,0.429552921,NA,NA,NA,NA,Scolopacidae,(Sandpipers and Allies),Yes,coastal grasslands and beaches
169,Gallinago hardwickii,Gallinago hardwickii,Gallinago hardwickii,Scolopacidae (Sandpipers and Allies),Latham's Snipe,1.640906998,NA,NA,NA,NA,Scolopacidae,(Sandpipers and Allies),Yes,migrate through coast
170,Gallinago stenura,Gallinago stenura,Gallinago stenura,Scolopacidae (Sandpipers and Allies),Pin-tailed Snipe,1.220846521,NA,NA,NA,NA,Scolopacidae,(Sandpipers and Allies),Yes,shorelines
